Final Race Position,Driver Name,Car,Race Laps,Race Time,Race Points,Fastest Lap No,Time of day,Fastest Lap Time,Avg Speed,Stops,Total Pit Time,Starting Grid Pos,Starting Grid Quali Time,Qualifying Postition,Q1,Q2,Q3,Qualifying Laps,P3 Postition,P3 Time,P3 Gap,P3 Laps,P2 Postition,P2 Time,P2 Gap,P2 Laps,P1 Postition,P1 Time,P1 Gap,P1 Laps,Race,Final Sprint Postition,Sprint Laps,Sprint Time/Retired,Sprint PTS,Starting Sprint Postition,Sprint Grid Time,Quaifying Postition
1,Charles  Leclerc  LEC,Ferrari,57,97.0,26,51.0,70295.0,94.57,206.018,3.0,74.152,1.0,90.558,1,91.471,90.932,90.558,15.0,2.0,92.64,0.096,16.0,2.0,92.023,0.087,20.0,2.0,92.023,0.087,20.0,Bahrain,0,0.0,0.0,0.0,0.0,0.0,1.0
2,Carlos  Sainz  SAI,Ferrari,57,102.598,18,52.0,70393.0,95.74,203.501,3.0,73.391,3.0,90.687,3,91.567,90.787,90.687,15.0,5.0,93.053,0.509,20.0,3.0,92.52,0.584,22.0,3.0,92.52,0.584,22.0,Bahrain,0,0.0,0.0,0.0,0.0,0.0,3.0
3,Lewis  Hamilton  HAM,Mercedes,57,106.675,15,53.0,70491.0,96.228,202.469,3.0,76.576,5.0,91.238,5,92.285,91.048,91.238,17.0,6.0,93.121,0.577,15.0,9.0,93.144,1.208,23.0,9.0,93.144,1.208,23.0,Bahrain,0,0.0,0.0,0.0,0.0,0.0,5.0
4,George  Russell  RUS,Mercedes,57,108.211,12,56.0,70782.0,96.302,202.313,3.0,76.796,9.0,92.216,9,92.269,91.252,92.216,17.0,4.0,92.935,0.391,19.0,4.0,92.529,0.593,25.0,4.0,92.529,0.593,25.0,Bahrain,0,0.0,0.0,0.0,0.0,0.0,9.0
5,Kevin  Magnussen  MAG,Haas Ferrari,57,111.754,10,53.0,70494.0,96.623,201.641,3.0,77.405,7.0,91.808,7,91.955,91.461,91.808,12.0,7.0,93.437,0.893,15.0,10.0,93.183,1.247,23.0,10.0,93.183,1.247,23.0,Bahrain,0,0.0,0.0,0.0,0.0,0.0,7.0
6,Valtteri  Bottas  BOT,Alfa Romeo Ferrari,57,113.119,8,53.0,70495.0,96.599,201.691,3.0,76.237,6.0,91.56,6,91.919,91.717,91.56,15.0,8.0,93.733,1.189,21.0,6.0,92.951,1.015,30.0,6.0,92.951,1.015,30.0,Bahrain,0,0.0,0.0,0.0,0.0,0.0,6.0
7,Esteban  Ocon  OCO,Alpine Renault,57,116.423,6,53.0,70496.0,97.11,200.63,3.0,80.11,11.0,91.782,11,92.041,91.782,6039.0,12.0,18.0,94.957,2.413,16.0,12.0,93.36,1.424,25.0,12.0,93.36,1.424,25.0,Bahrain,0,0.0,0.0,0.0,0.0,0.0,11.0
8,Yuki  Tsunoda  TSU,AlphaTauri RBPT,57,117.386,4,53.0,70497.0,97.104,200.642,3.0,74.633,16.0,92.75,16,92.75,6039.0,6039.0,8.0,0.0,6039.0,99.0,0.0,14.0,93.789,1.853,26.0,14.0,93.789,1.853,26.0,Bahrain,0,0.0,0.0,0.0,0.0,0.0,16.0
9,Fernando  Alonso  ALO,Alpine Renault,57,119.39,2,44.0,69482.0,96.733,201.412,3.0,74.782,8.0,92.195,8,92.346,91.621,92.195,14.0,16.0,94.628,2.084,15.0,5.0,92.877,0.941,24.0,5.0,92.877,0.941,24.0,Bahrain,0,0.0,0.0,0.0,0.0,0.0,8.0
10,Zhou  Guanyu  ZHO,Alfa Romeo Ferrari,57,120.064,1,39.0,68978.0,96.685,201.512,3.0,79.366,15.0,93.543,15,92.493,93.543,6039.0,12.0,9.0,93.88,1.336,18.0,15.0,93.953,2.017,27.0,15.0,93.953,2.017,27.0,Bahrain,0,0.0,0.0,0.0,0.0,0.0,15.0
11,Mick  Schumacher  MSC,Haas Ferrari,57,129.574,0,37.0,68795.0,96.956,200.948,2.0,50.8,12.0,91.998,12,92.38,91.998,6039.0,11.0,14.0,94.295,1.751,17.0,8.0,93.085,1.149,24.0,8.0,93.085,1.149,24.0,Bahrain,0,0.0,0.0,0.0,0.0,0.0,12.0
12,Lance  Stroll  STR,Aston Martin Aramco Mercedes,57,142.873,0,49.0,70127.0,97.146,200.555,3.0,77.735,19.0,93.032,19,93.032,6039.0,6039.0,6.0,10.0,93.92,1.376,14.0,16.0,93.958,2.022,25.0,16.0,93.958,2.022,25.0,Bahrain,0,0.0,0.0,0.0,0.0,0.0,19.0
13,Alexander  Albon  ALB,Williams Mercedes,57,150.93200000000002,0,50.0,70232.0,97.355,200.125,3.0,75.499,14.0,92.664,14,92.726,92.664,6039.0,13.0,17.0,94.868,2.324,15.0,20.0,94.735,2.799,22.0,20.0,94.735,2.799,22.0,Bahrain,0,0.0,0.0,0.0,0.0,0.0,14.0
14,Daniel  Ricciardo  RIC,McLaren Mercedes,57,151.975,0,50.0,70234.0,97.261,200.318,3.0,74.939,18.0,92.945,18,92.945,6039.0,6039.0,8.0,15.0,94.378,1.834,20.0,18.0,94.166,2.23,12.0,18.0,94.166,2.23,12.0,Bahrain,0,0.0,0.0,0.0,0.0,0.0,18.0
15,Lando  Norris  NOR,McLaren Mercedes,57,153.335,0,51.0,70333.0,96.988,200.882,3.0,76.91,13.0,92.008,13,92.239,92.008,6039.0,14.0,11.0,93.955,1.411,18.0,11.0,93.28,1.344,27.0,11.0,93.28,1.344,27.0,Bahrain,0,0.0,0.0,0.0,0.0,0.0,13.0
16,Nicholas  Latifi  LAT,Williams Mercedes,57,158.79500000000002,0,51.0,70336.0,98.251,198.3,3.0,73.893,20.0,93.634,20,93.634,6039.0,6039.0,8.0,19.0,95.667,3.123,14.0,19.0,94.486,2.55,28.0,19.0,94.486,2.55,28.0,Bahrain,0,0.0,0.0,0.0,0.0,0.0,20.0
17,Nico  Hulkenberg  HUL,Aston Martin Aramco Mercedes,57,160.829,0,49.0,70140.0,98.201,198.401,3.0,79.825,17.0,92.777,17,92.777,6039.0,6039.0,6.0,12.0,93.971,1.427,18.0,17.0,94.061,2.125,28.0,17.0,94.061,2.125,28.0,Bahrain,0,0.0,0.0,0.0,0.0,0.0,17.0
18,Sergio  Perez  PER,Red Bull Racing RBPT,56,999999,0,52.0,70394.0,96.089,202.762,3.0,74.166,4.0,90.921,4,92.311,91.008,90.921,18.0,3.0,92.791,0.247,20.0,7.0,92.958,1.022,20.0,7.0,92.958,1.022,20.0,Bahrain,0,0.0,0.0,0.0,0.0,0.0,4.0
19,Max  Verstappen  VER,Red Bull Racing RBPT,54,999999,0,51.0,70297.0,95.44,204.14,3.0,74.236,2.0,90.681,2,91.785,90.757,90.681,14.0,1.0,92.544,99.0,15.0,1.0,91.936,99.0,20.0,1.0,91.936,99.0,20.0,Bahrain,0,0.0,0.0,0.0,0.0,0.0,2.0
99,Pierre  Gasly  GAS,AlphaTauri RBPT,44,999999,0,34.0,68463.0,97.324,200.189,2.0,50.45,10.0,92.338,10,92.096,91.635,92.338,21.0,13.0,94.176,1.632,18.0,13.0,93.621,1.685,24.0,13.0,93.621,1.685,24.0,Bahrain,0,0.0,0.0,0.0,0.0,0.0,10.0
1,Max  Verstappen  VER,Red Bull Racing RBPT,50,999999,25,50.0,77266.0,91.772,242.191,1.0,20.731,4.0,88.461,4,88.928,88.945,88.461,22.0,2.0,89.768,0.033,12.0,2.0,90.214,0.14,23.0,2.0,90.214,0.14,23.0,Saudi Arabia,0,0.0,0.0,0.0,0.0,0.0,4.0
2,Charles  Leclerc  LEC,Ferrari,50,97.549,19,48.0,77083.0,91.634,242.556,1.0,21.038,2.0,88.225,2,89.039,88.78,88.225,22.0,1.0,89.735,99.0,23.0,1.0,90.074,99.0,15.0,1.0,90.074,99.0,15.0,Saudi Arabia,0,0.0,0.0,0.0,0.0,0.0,2.0
3,Carlos  Sainz  SAI,Ferrari,50,105.097,15,48.0,77090.0,91.905,241.841,1.0,21.521,3.0,88.402,3,88.855,88.686,88.402,23.0,4.0,90.009,0.274,22.0,3.0,90.32,0.246,12.0,3.0,90.32,0.246,12.0,Saudi Arabia,0,0.0,0.0,0.0,0.0,0.0,3.0
4,Sergio  Perez  PER,Red Bull Racing RBPT,50,107.8,12,46.0,76907.0,92.042,241.481,1.0,20.481,1.0,88.2,1,89.705,88.924,88.2,20.0,3.0,89.833,0.098,16.0,4.0,90.36,0.286,24.0,4.0,90.36,0.286,24.0,Saudi Arabia,0,0.0,0.0,0.0,0.0,0.0,1.0
5,George  Russell  RUS,Mercedes,50,129.732,10,43.0,76644.0,92.821,239.454,1.0,21.415,6.0,89.104,6,89.68,89.618,89.104,21.0,14.0,90.983,1.248,15.0,6.0,90.664,0.59,29.0,6.0,90.664,0.59,29.0,Saudi Arabia,0,0.0,0.0,0.0,0.0,0.0,6.0
6,Esteban  Ocon  OCO,Alpine Renault,50,153.017,8,46.0,76945.0,93.103,238.729,1.0,21.141,5.0,89.068,5,90.093,89.584,89.068,19.0,6.0,90.139,0.404,16.0,8.0,90.76,0.686,26.0,8.0,90.76,0.686,26.0,Saudi Arabia,0,0.0,0.0,0.0,0.0,0.0,5.0
7,Lando  Norris  NOR,McLaren Mercedes,50,153.124,6,46.0,76946.0,92.753,239.629,1.0,20.383,11.0,89.651,11,89.957,89.651,6039.0,16.0,19.0,91.529,1.794,17.0,7.0,90.735,0.661,26.0,7.0,90.735,0.661,26.0,Saudi Arabia,0,0.0,0.0,0.0,0.0,0.0,11.0
8,Pierre  Gasly  GAS,AlphaTauri RBPT,50,159.946,4,42.0,76577.0,93.468,237.796,1.0,22.82,9.0,89.254,9,89.891,89.418,89.254,22.0,7.0,90.148,0.413,11.0,12.0,90.963,0.889,29.0,12.0,90.963,0.889,29.0,Saudi Arabia,0,0.0,0.0,0.0,0.0,0.0,9.0
9,Kevin  Magnussen  MAG,Haas Ferrari,50,161.308,2,48.0,77144.0,92.779,239.562,1.0,22.374,10.0,89.588,10,89.831,89.546,89.588,24.0,8.0,90.262,0.527,18.0,20.0,92.344,2.27,13.0,20.0,92.344,2.27,13.0,Saudi Arabia,0,0.0,0.0,0.0,0.0,0.0,10.0
10,Lewis  Hamilton  HAM,Mercedes,50,170.94799999999998,1,47.0,77056.0,92.997,239.001,1.0,21.788,15.0,90.343,16,90.343,6039.0,6039.0,11.0,11.0,90.707,0.972,17.0,5.0,90.513,0.439,24.0,5.0,90.513,0.439,24.0,Saudi Arabia,0,0.0,0.0,0.0,0.0,0.0,16.0
11,Zhou  Guanyu  ZHO,Alfa Romeo Ferrari,50,179.215,0,45.0,76874.0,93.924,236.642,2.0,48.837,12.0,89.819,13,89.978,89.819,6039.0,17.0,13.0,90.946,1.211,20.0,17.0,91.615,1.541,27.0,17.0,91.615,1.541,27.0,Saudi Arabia,0,0.0,0.0,0.0,0.0,0.0,13.0
12,Nico  Hulkenberg  HUL,Aston Martin Aramco Mercedes,50,188.74200000000002,0,47.0,77071.0,93.651,237.332,1.0,21.425,17.0,90.543,18,90.543,6039.0,6039.0,10.0,18.0,91.424,1.689,18.0,16.0,91.615,1.541,30.0,16.0,91.615,1.541,30.0,Saudi Arabia,0,0.0,0.0,0.0,0.0,0.0,18.0
13,Lance  Stroll  STR,Aston Martin Aramco Mercedes,49,194.0,0,46.0,76965.0,94.446,235.334,1.0,22.339,13.0,91.009,15,90.256,91.009,6039.0,15.0,15.0,91.067,1.332,18.0,14.0,91.372,1.298,28.0,14.0,91.372,1.298,28.0,Saudi Arabia,0,0.0,0.0,0.0,0.0,0.0,15.0
14,Alexander  Albon  ALB,Williams Mercedes,47,999999,0,46.0,76966.0,94.368,235.528,1.0,20.683,16.0,90.492,17,90.492,6039.0,6039.0,9.0,17.0,91.374,1.639,16.0,19.0,91.866,1.792,29.0,19.0,91.866,1.792,29.0,Saudi Arabia,0,0.0,0.0,0.0,0.0,0.0,17.0
99,Valtteri  Bottas  BOT,Alfa Romeo Ferrari,36,999999,0,31.0,75447.0,93.979,236.503,2.0,45.271,8.0,89.183,8,89.683,89.404,89.183,22.0,5.0,90.03,0.295,22.0,9.0,90.832,0.758,14.0,9.0,90.832,0.758,14.0,Saudi Arabia,0,0.0,0.0,0.0,0.0,0.0,8.0
99,Fernando  Alonso  ALO,Alpine Renault,35,999999,0,33.0,75634.0,93.831,236.876,1.0,21.543,7.0,89.147,7,89.978,89.295,89.147,20.0,9.0,90.296,0.561,17.0,11.0,90.944,0.87,27.0,11.0,90.944,0.87,27.0,Saudi Arabia,0,0.0,0.0,0.0,0.0,0.0,7.0
99,Daniel  Ricciardo  RIC,McLaren Mercedes,35,999999,0,34.0,75738.0,94.487,235.232,1.0,20.65,14.0,89.773,12,90.009,89.773,6039.0,17.0,16.0,91.186,1.451,16.0,15.0,91.527,1.453,23.0,15.0,91.527,1.453,23.0,Saudi Arabia,0,0.0,0.0,0.0,0.0,0.0,12.0
99,Nicholas  Latifi  LAT,Williams Mercedes,14,999999,0,9.0,73101.0,97.53,227.892,99.0,6039.0,18.0,91.817,19,91.817,6039.0,6039.0,4.0,20.0,91.992,2.257,13.0,18.0,91.814,1.74,26.0,18.0,91.814,1.74,26.0,Saudi Arabia,0,0.0,0.0,0.0,0.0,0.0,19.0
99,Yuki  Tsunoda  TSU,AlphaTauri RBPT,0,999999,0,0.0,362439.0,6039.0,0.0,99.0,6039.0,19.0,6039.0,99,999999,6039.0,6039.0,2.0,10.0,90.415,0.68,19.0,10.0,90.886,0.812,26.0,10.0,90.886,0.812,26.0,Saudi Arabia,0,0.0,0.0,0.0,0.0,0.0,99.0
99,Mick  Schumacher  MSC,Haas Ferrari,0,999999,0,0.0,362439.0,6039.0,0.0,99.0,6039.0,99.0,6039.0,14,90.167,89.92,6039.0,13.0,12.0,90.765,1.03,17.0,13.0,91.169,1.095,27.0,13.0,91.169,1.095,27.0,Saudi Arabia,0,0.0,0.0,0.0,0.0,0.0,14.0
1,Charles  Leclerc  LEC,Ferrari,58,999999,26,58.0,59459.0,80.26,236.74,1.0,17.973,1.0,77.868,1,78.881,78.606,77.868,21.0,2.0,79.249,0.132,15.0,1.0,78.978,99.0,27.0,1.0,78.978,99.0,27.0,Australia,0,0.0,0.0,0.0,0.0,0.0,1.0
2,Sergio  Perez  PER,Red Bull Racing RBPT,58,117.524,18,58.0,59480.0,81.094,234.305,1.0,17.434,3.0,78.24,3,78.834,78.34,78.24,21.0,3.0,79.265,0.148,17.0,5.0,79.658,0.68,20.0,5.0,79.658,0.68,20.0,Australia,0,0.0,0.0,0.0,0.0,0.0,3.0
3,George  Russell  RUS,Mercedes,58,122.593,15,53.0,59075.0,81.495,233.152,1.0,18.479,6.0,78.933,6,79.405,79.076,78.933,26.0,11.0,80.096,0.979,16.0,11.0,80.212,1.234,25.0,11.0,80.212,1.234,25.0,Australia,0,0.0,0.0,0.0,0.0,0.0,6.0
4,Lewis  Hamilton  HAM,Mercedes,58,125.543,12,51.0,58912.0,81.886,232.039,1.0,17.877,5.0,78.825,5,79.401,79.106,78.825,28.0,8.0,79.896,0.779,13.0,13.0,80.521,1.543,23.0,13.0,80.521,1.543,23.0,Australia,0,0.0,0.0,0.0,0.0,0.0,5.0
5,Lando  Norris  NOR,McLaren Mercedes,58,150.303,10,55.0,59259.0,82.248,231.018,1.0,17.556,4.0,78.703,4,79.28,79.066,78.703,20.0,1.0,79.117,99.0,12.0,8.0,80.1,1.122,24.0,8.0,80.1,1.122,24.0,Australia,0,0.0,0.0,0.0,0.0,0.0,4.0
6,Daniel  Ricciardo  RIC,McLaren Mercedes,58,150.737,8,54.0,59182.0,82.451,230.449,1.0,18.15,7.0,79.032,7,79.665,79.13,79.032,22.0,6.0,79.693,0.576,14.0,10.0,80.203,1.225,24.0,10.0,80.203,1.225,24.0,Australia,0,0.0,0.0,0.0,0.0,0.0,7.0
7,Esteban  Ocon  OCO,Alpine Renault,58,158.683,6,58.0,59521.0,82.469,230.399,1.0,19.128,8.0,79.061,8,79.605,79.136,79.061,23.0,13.0,80.205,1.088,14.0,6.0,79.842,0.864,25.0,6.0,79.842,0.864,25.0,Australia,0,0.0,0.0,0.0,0.0,0.0,8.0
8,Valtteri  Bottas  BOT,Alfa Romeo Ferrari,58,165.439,4,54.0,59199.0,81.651,232.707,1.0,18.413,12.0,79.41,12,79.251,79.41,6039.0,13.0,9.0,80.008,0.891,17.0,7.0,80.055,1.077,25.0,7.0,80.055,1.077,25.0,Australia,0,0.0,0.0,0.0,0.0,0.0,12.0
9,Pierre  Gasly  GAS,AlphaTauri RBPT,58,173.221,2,52.0,59034.0,82.731,229.669,1.0,18.926,11.0,79.226,11,79.58,79.226,6039.0,19.0,12.0,80.133,1.016,14.0,9.0,80.142,1.164,27.0,9.0,80.142,1.164,27.0,Australia,0,0.0,0.0,0.0,0.0,0.0,11.0
10,Alexander  Albon  ALB,Williams Mercedes,58,176.382,1,54.0,59187.0,82.589,230.064,1.0,19.845,20.0,6039.0,99,80.135,6039.0,6039.0,11.0,16.0,80.958,1.841,16.0,17.0,81.912,2.934,28.0,17.0,81.912,2.934,28.0,Australia,0,0.0,0.0,0.0,0.0,0.0,99.0
11,Zhou  Guanyu  ZHO,Alfa Romeo Ferrari,58,178.695,0,55.0,59289.0,82.541,230.198,1.0,18.38,14.0,80.155,14,79.91,80.155,6039.0,16.0,15.0,80.836,1.719,16.0,15.0,81.063,2.085,23.0,15.0,81.063,2.085,23.0,Australia,0,0.0,0.0,0.0,0.0,0.0,14.0
12,Lance  Stroll  STR,Aston Martin Aramco Mercedes,58,185.598,0,48.0,58700.0,83.592,227.304,3.0,57.204,19.0,6039.0,99,999999,6039.0,6039.0,2.0,19.0,81.636,2.519,11.0,14.0,80.611,1.633,28.0,14.0,80.611,1.633,28.0,Australia,0,0.0,0.0,0.0,0.0,0.0,99.0
13,Mick  Schumacher  MSC,Haas Ferrari,57,194.0,0,55.0,59294.0,83.006,228.908,1.0,19.039,15.0,80.465,15,80.104,80.465,6039.0,19.0,14.0,80.692,1.575,17.0,18.0,81.974,2.996,22.0,18.0,81.974,2.996,22.0,Australia,0,0.0,0.0,0.0,0.0,0.0,15.0
14,Kevin  Magnussen  MAG,Haas Ferrari,57,194.0,0,44.0,58371.0,83.071,228.729,1.0,19.111,16.0,80.254,16,80.254,6039.0,6039.0,11.0,17.0,81.025,1.908,14.0,16.0,81.191,2.213,23.0,16.0,81.191,2.213,23.0,Australia,0,0.0,0.0,0.0,0.0,0.0,16.0
15,Yuki  Tsunoda  TSU,AlphaTauri RBPT,57,194.0,0,56.0,59382.0,83.342,227.985,1.0,18.443,13.0,79.424,13,79.742,79.424,6039.0,17.0,10.0,80.071,0.954,12.0,12.0,80.424,1.446,30.0,12.0,80.424,1.446,30.0,Australia,0,0.0,0.0,0.0,0.0,0.0,13.0
16,Nicholas  Latifi  LAT,Williams Mercedes,57,194.0,0,49.0,58795.0,83.882,226.518,2.0,36.488,18.0,81.372,18,81.372,6039.0,6039.0,8.0,18.0,81.05,1.933,14.0,19.0,82.307,3.329,24.0,19.0,82.307,3.329,24.0,Australia,0,0.0,0.0,0.0,0.0,0.0,18.0
17,Fernando  Alonso  ALO,Alpine Renault,57,194.0,0,57.0,59490.0,80.846,235.024,2.0,37.19,10.0,6039.0,10,79.192,78.815,999999,15.0,4.0,79.275,0.158,15.0,4.0,79.537,0.559,22.0,4.0,79.537,0.559,22.0,Australia,0,0.0,0.0,0.0,0.0,0.0,10.0
99,Max  Verstappen  VER,Red Bull Racing RBPT,38,999999,0,37.0,57715.0,81.677,232.633,1.0,18.281,2.0,78.154,2,78.58,78.611,78.154,21.0,7.0,79.809,0.692,16.0,2.0,79.223,0.245,22.0,2.0,79.223,0.245,22.0,Australia,0,0.0,0.0,0.0,0.0,0.0,2.0
99,Sebastian  Vettel  VET,Aston Martin Aramco Mercedes,22,999999,0,17.0,55847.0,85.189,223.042,99.0,6039.0,17.0,81.149,17,81.149,6039.0,6039.0,3.0,20.0,6039.0,99.0,5.0,99.0,6039.0,99.0,0.0,99.0,6039.0,99.0,0.0,Australia,0,0.0,0.0,0.0,0.0,0.0,17.0
99,Carlos  Sainz  SAI,Ferrari,1,999999,0,0.0,362439.0,6039.0,0.0,99.0,6039.0,9.0,79.408,9,78.983,78.469,79.408,22.0,5.0,79.419,0.302,17.0,3.0,79.376,0.398,27.0,3.0,79.376,0.398,27.0,Australia,0,0.0,0.0,0.0,0.0,0.0,9.0
1,Max  Verstappen  VER,Red Bull Racing RBPT,63,999999,26,55.0,59072.0,78.446,225.281,2.0,59.943,1.0,6039.0,1,79.295,78.793,87.999,22.0,0.0,6039.0,99.0,0.0,7.0,80.371,0.914,36.0,3.0,90.867,1.465,21.0,Emilia Romagna,1,21.0,1839.567,8.0,1.0,87.999,1.0
2,Sergio  Perez  PER,Red Bull Racing RBPT,63,113.527,18,52.0,58846.0,78.949,223.845,2.0,59.993,3.0,6039.0,7,79.773,79.296,89.808,25.0,0.0,6039.0,99.0,0.0,2.0,79.538,0.081,33.0,6.0,93.012,3.61,17.0,Emilia Romagna,3,21.0,1844.288,6.0,7.0,89.808,7.0
3,Lando  Norris  NOR,McLaren Mercedes,63,131.834,15,61.0,59583.0,80.903,218.439,1.0,30.07,5.0,6039.0,3,80.168,79.294,89.131,22.0,0.0,6039.0,99.0,0.0,18.0,83.821,4.364,6.0,14.0,95.502,6.1,12.0,Emilia Romagna,5,21.0,1864.128,4.0,3.0,89.131,3.0
4,George  Russell  RUS,Mercedes,63,139.506,12,57.0,59265.0,80.962,218.28,1.0,31.079,11.0,6039.0,11,80.383,80.757,6039.0,16.0,0.0,6039.0,99.0,0.0,1.0,79.457,99.0,32.0,10.0,94.262,4.86,21.0,Emilia Romagna,11,21.0,1875.851,0.0,11.0,80.757,11.0
5,Valtteri  Bottas  BOT,Alfa Romeo Ferrari,63,140.18099999999998,10,43.0,58131.0,80.758,218.831,1.0,40.957,7.0,6039.0,8,80.419,80.192,90.439,23.0,0.0,6039.0,99.0,0.0,99.0,6039.0,99.0,0.0,11.0,94.615,5.213,19.0,Emilia Romagna,7,21.0,1867.7,2.0,8.0,90.439,8.0
6,Charles  Leclerc  LEC,Ferrari,63,153.072,8,63.0,59767.0,78.574,224.914,3.0,98.396,2.0,6039.0,2,78.796,79.584,88.778,22.0,0.0,6039.0,99.0,0.0,3.0,79.74,0.283,35.0,1.0,89.402,99.0,24.0,Emilia Romagna,2,21.0,1842.542,7.0,2.0,88.778,2.0
7,Yuki  Tsunoda  TSU,AlphaTauri RBPT,63,158.11,6,61.0,59609.0,80.544,219.412,1.0,30.372,12.0,6039.0,16,80.474,6039.0,6039.0,11.0,0.0,6039.0,99.0,0.0,8.0,80.381,0.924,35.0,9.0,93.611,4.209,18.0,Emilia Romagna,12,21.0,1877.865,0.0,16.0,80.474,16.0
8,Sebastian  Vettel  VET,Aston Martin Aramco Mercedes,63,167.892,4,47.0,58474.0,81.211,217.61,1.0,30.484,13.0,6039.0,9,80.364,79.957,91.062,25.0,0.0,6039.0,99.0,0.0,15.0,81.155,1.698,38.0,8.0,93.365,3.963,22.0,Emilia Romagna,13,21.0,1879.744,0.0,9.0,91.062,9.0
9,Kevin  Magnussen  MAG,Haas Ferrari,63,172.26,2,61.0,59623.0,81.238,217.538,1.0,33.765,8.0,6039.0,4,80.147,79.902,89.164,21.0,0.0,6039.0,99.0,0.0,12.0,80.74,1.283,30.0,4.0,92.439,3.037,23.0,Emilia Romagna,8,21.0,1870.279,1.0,4.0,89.164,4.0
10,Lance  Stroll  STR,Aston Martin Aramco Mercedes,62,194.0,1,46.0,58407.0,81.75,216.176,1.0,32.667,15.0,6039.0,15,80.342,88.119,6039.0,14.0,0.0,6039.0,99.0,0.0,14.0,81.149,1.692,38.0,16.0,96.033,6.631,23.0,Emilia Romagna,15,21.0,1882.477,0.0,15.0,88.119,15.0
11,Alexander  Albon  ALB,Williams Mercedes,62,194.0,0,61.0,59642.0,81.757,216.157,1.0,30.793,18.0,6039.0,99,999999,6039.0,6039.0,3.0,0.0,6039.0,99.0,0.0,11.0,80.591,1.134,34.0,17.0,96.461,7.059,17.0,Emilia Romagna,18,21.0,1888.438,0.0,20.0,0.0,99.0
12,Pierre  Gasly  GAS,AlphaTauri RBPT,62,194.0,0,34.0,57425.0,81.713,216.274,1.0,30.405,17.0,6039.0,17,80.732,6039.0,6039.0,11.0,0.0,6039.0,99.0,0.0,9.0,80.439,0.982,37.0,12.0,95.104,5.702,19.0,Emilia Romagna,17,21.0,1883.361,0.0,17.0,80.732,17.0
13,Lewis  Hamilton  HAM,Mercedes,62,194.0,0,50.0,58740.0,81.419,217.054,1.0,32.74,14.0,6039.0,13,80.47,81.138,6039.0,15.0,0.0,6039.0,99.0,0.0,4.0,79.992,0.535,34.0,18.0,96.464,7.062,17.0,Emilia Romagna,14,21.0,1881.026,0.0,13.0,81.138,13.0
14,Esteban  Ocon  OCO,Alpine Renault,62,194.0,0,37.0,57669.0,81.887,215.814,1.0,31.409,16.0,6039.0,19,82.338,6039.0,6039.0,9.0,0.0,6039.0,99.0,0.0,16.0,81.179,1.722,30.0,13.0,95.42,6.018,14.0,Emilia Romagna,16,21.0,1883.084,0.0,19.0,82.338,19.0
15,Zhou  Guanyu  ZHO,Alfa Romeo Ferrari,62,194.0,0,61.0,59653.0,81.286,217.41,1.0,32.203,99.0,6039.0,14,79.73,81.434,6039.0,16.0,0.0,6039.0,99.0,0.0,10.0,80.498,1.041,32.0,19.0,97.45,8.048,22.0,Emilia Romagna,99,0.0,999999.0,0.0,14.0,81.434,14.0
16,Nicholas  Latifi  LAT,Williams Mercedes,62,194.0,0,62.0,59737.0,81.338,217.271,1.0,31.125,19.0,6039.0,18,81.971,6039.0,6039.0,13.0,0.0,6039.0,99.0,0.0,17.0,81.263,1.806,31.0,20.0,99.698,10.296,15.0,Emilia Romagna,19,21.0,1891.584,0.0,18.0,81.971,18.0
17,Mick  Schumacher  MSC,Haas Ferrari,62,194.0,0,55.0,59193.0,78.999,223.704,2.0,62.304,10.0,6039.0,12,80.422,80.916,6039.0,16.0,0.0,6039.0,99.0,0.0,13.0,80.977,1.52,29.0,5.0,92.988,3.586,23.0,Emilia Romagna,10,21.0,1873.34,0.0,12.0,80.916,12.0
18,Daniel  Ricciardo  RIC,McLaren Mercedes,62,194.0,0,61.0,59687.0,81.577,216.634,3.0,92.939,6.0,6039.0,6,79.98,80.031,89.742,21.0,0.0,6039.0,99.0,0.0,99.0,6039.0,99.0,0.0,15.0,95.625,6.223,15.0,Emilia Romagna,6,21.0,1867.307,3.0,6.0,89.742,6.0
99,Fernando  Alonso  ALO,Alpine Renault,6,999999,0,5.0,54827.0,99.685,177.282,99.0,6039.0,9.0,6039.0,5,80.198,79.595,89.202,26.0,0.0,6039.0,99.0,0.0,5.0,80.174,0.717,29.0,7.0,93.16,3.758,13.0,Emilia Romagna,9,21.0,1871.845,0.0,5.0,89.202,5.0
99,Carlos  Sainz  SAI,Ferrari,0,999999,0,0.0,362439.0,6039.0,0.0,99.0,6039.0,4.0,6039.0,10,79.305,78.99,6039.0,13.0,0.0,6039.0,99.0,0.0,6.0,80.258,0.801,31.0,2.0,90.279,0.877,25.0,Emilia Romagna,4,21.0,1857.145,5.0,10.0,0.0,10.0
1,Max  Verstappen  VER,Red Bull Racing RBPT,57,999999,26,54.0,61384.0,91.361,213.255,1.0,18.798,3.0,88.991,3.0,89.836,89.202,88.991,18.0,3.0,90.649,0.345,20.0,19.0,6039.0,99.0,1.0,19.0,6039.0,99.0,1.0,Miami,0,0.0,0.0,0.0,0.0,0.0,3.0
2,Charles  Leclerc  LEC,Ferrari,57,100.786,18,53.0,61294.0,91.488,212.959,1.0,19.697,1.0,88.796,1.0,89.474,89.13,88.796,25.0,2.0,90.498,0.194,23.0,2.0,90.044,0.106,21.0,2.0,90.044,0.106,21.0,Miami,0,0.0,0.0,0.0,0.0,0.0,1.0
3,Carlos  Sainz  SAI,Ferrari,57,105.229,15,56.0,61575.0,91.79,212.258,1.0,22.063,2.0,88.986,2.0,90.079,89.729,88.986,26.0,7.0,91.172,0.868,24.0,11.0,90.964,1.026,9.0,11.0,90.964,1.026,9.0,Miami,0,0.0,0.0,0.0,0.0,0.0,2.0
4,Sergio  Perez  PER,Red Bull Racing RBPT,57,107.638,12,54.0,61393.0,91.819,212.191,2.0,36.952,4.0,89.036,4.0,90.055,89.673,89.036,21.0,1.0,90.304,99.0,21.0,3.0,90.15,0.212,19.0,3.0,90.15,0.212,19.0,Miami,0,0.0,0.0,0.0,0.0,0.0,4.0
5,George  Russell  RUS,Mercedes,57,115.582,10,56.0,61585.0,92.195,211.325,1.0,19.035,12.0,90.173,12.0,90.49,90.173,6039.0,15.0,17.0,91.924,1.62,19.0,1.0,89.938,99.0,18.0,1.0,89.938,99.0,18.0,Miami,0,0.0,0.0,0.0,0.0,0.0,12.0
6,Lewis  Hamilton  HAM,Mercedes,57,118.368,8,55.0,61494.0,92.941,209.629,1.0,18.82,6.0,89.625,6.0,90.388,89.797,89.625,21.0,15.0,91.89,1.586,20.0,4.0,90.179,0.241,18.0,4.0,90.179,0.241,18.0,Miami,0,0.0,0.0,0.0,0.0,0.0,6.0
7,Valtteri  Bottas  BOT,Alfa Romeo Ferrari,57,122.07300000000001,6,56.0,61591.0,93.184,209.083,1.0,19.614,5.0,89.475,5.0,90.845,89.751,89.475,20.0,14.0,91.885,1.581,26.0,99.0,6039.0,99.0,0.0,99.0,6039.0,99.0,0.0,Miami,0,0.0,0.0,0.0,0.0,0.0,5.0
8,Esteban  Ocon  OCO,Alpine Renault,57,125.386,4,56.0,61594.0,93.163,209.13,1.0,19.019,20.0,6039.0,,6039.0,6039.0,6039.0,,20.0,6039.0,99.0,3.0,9.0,90.861,0.923,20.0,9.0,90.861,0.923,20.0,Miami,0,0.0,0.0,0.0,0.0,0.0,
9,Alexander  Albon  ALB,Williams Mercedes,57,129.365,2,57.0,61692.0,93.447,208.494,1.0,20.059,18.0,91.266,18.0,91.266,6039.0,6039.0,10.0,9.0,91.501,1.197,14.0,17.0,91.71,1.772,21.0,17.0,91.71,1.772,21.0,Miami,0,0.0,0.0,0.0,0.0,0.0,18.0
10,Lance  Stroll  STR,Aston Martin Aramco Mercedes,57,134.026,1,52.0,61223.0,93.312,208.796,1.0,19.074,10.0,90.676,10.0,90.441,89.996,90.676,21.0,12.0,91.665,1.361,22.0,16.0,91.631,1.693,23.0,16.0,91.631,1.693,23.0,Miami,0,0.0,0.0,0.0,0.0,0.0,10.0
11,Fernando  Alonso  ALO,Alpine Renault,57,134.128,0,53.0,61312.0,93.331,208.753,1.0,21.638,11.0,90.16,11.0,90.407,90.16,6039.0,14.0,4.0,91.036,0.732,18.0,5.0,90.372,0.434,20.0,5.0,90.372,0.434,20.0,Miami,0,0.0,0.0,0.0,0.0,0.0,11.0
12,Yuki  Tsunoda  TSU,AlphaTauri RBPT,57,137.14600000000002,0,55.0,61511.0,93.035,209.417,2.0,38.488,9.0,89.932,9.0,90.485,90.031,89.932,21.0,11.0,91.659,1.355,24.0,13.0,91.26,1.322,23.0,13.0,91.26,1.322,23.0,Miami,0,0.0,0.0,0.0,0.0,0.0,9.0
13,Daniel  Ricciardo  RIC,McLaren Mercedes,57,137.902,0,56.0,61602.0,93.265,208.901,2.0,38.764,14.0,90.31,14.0,90.583,90.31,6039.0,15.0,13.0,91.728,1.424,19.0,12.0,91.208,1.27,23.0,12.0,91.208,1.27,23.0,Miami,0,0.0,0.0,0.0,0.0,0.0,14.0
14,Nicholas  Latifi  LAT,Williams Mercedes,57,146.936,0,53.0,61329.0,94.169,206.896,1.0,19.185,19.0,91.325,19.0,91.325,6039.0,6039.0,10.0,19.0,92.376,2.072,16.0,18.0,92.913,2.975,14.0,18.0,92.913,2.975,14.0,Miami,0,0.0,0.0,0.0,0.0,0.0,19.0
15,Mick  Schumacher  MSC,Haas Ferrari,57,170.305,0,57.0,61733.0,92.528,210.565,2.0,52.794,15.0,90.423,15.0,90.645,90.423,6039.0,19.0,6.0,91.05,0.746,19.0,15.0,91.587,1.649,21.0,15.0,91.587,1.649,21.0,Miami,0,0.0,0.0,0.0,0.0,0.0,15.0
16,Kevin  Magnussen  MAG,Haas Ferrari,56,999999,0,52.0,61223.0,93.511,208.351,2.0,40.433,16.0,90.975,16.0,90.975,6039.0,6039.0,11.0,8.0,91.227,0.923,20.0,10.0,90.921,0.983,19.0,10.0,90.921,0.983,19.0,Miami,0,0.0,0.0,0.0,0.0,0.0,16.0
17,Sebastian  Vettel  VET,Aston Martin Aramco Mercedes,54,999999,0,50.0,61032.0,93.479,208.423,1.0,19.861,13.0,90.214,13.0,90.677,90.214,6039.0,15.0,5.0,91.049,0.745,24.0,14.0,91.393,1.455,23.0,14.0,91.393,1.455,23.0,Miami,0,0.0,0.0,0.0,0.0,0.0,13.0
99,Pierre  Gasly  GAS,AlphaTauri RBPT,45,999999,0,38.0,59643.0,94.487,206.199,2.0,38.55,7.0,89.69,7.0,90.779,90.128,89.69,22.0,16.0,91.901,1.597,18.0,7.0,90.547,0.609,20.0,7.0,90.547,0.609,20.0,Miami,0,0.0,0.0,0.0,0.0,0.0,7.0
99,Lando  Norris  NOR,McLaren Mercedes,39,999999,0,37.0,59556.0,93.411,208.575,1.0,19.986,8.0,89.75,8.0,90.761,89.634,89.75,22.0,10.0,91.594,1.29,18.0,6.0,90.535,0.597,20.0,6.0,90.535,0.597,20.0,Miami,0,0.0,0.0,0.0,0.0,0.0,8.0
99,Zhou  Guanyu  ZHO,Alfa Romeo Ferrari,6,999999,0,4.0,56390.0,95.731,203.52,99.0,6039.0,17.0,91.02,17.0,91.02,6039.0,6039.0,9.0,18.0,92.051,1.747,16.0,8.0,90.86,0.922,24.0,8.0,90.86,0.922,24.0,Miami,0,0.0,0.0,0.0,0.0,0.0,17.0
1,Max  Verstappen  VER,Red Bull Racing RBPT,66,999999,25,46.0,58298.0,85.456,196.943,3.0,66.08,2.0,79.073,2,80.091,79.219,79.073,16.0,2.0,79.844,0.072,12.0,5.0,80.006,0.336,27.0,5.0,80.006,0.336,27.0,Spain,0,0.0,0.0,0.0,0.0,0.0,2.0
2,Sergio  Perez  PER,Red Bull Racing RBPT,66,110.072,19,55.0,59100.0,84.108,200.099,3.0,65.345,5.0,79.42,5,80.447,79.83,79.42,17.0,6.0,80.26,0.488,19.0,7.0,80.632,0.962,30.0,7.0,80.632,0.962,30.0,Spain,0,0.0,0.0,0.0,0.0,0.0,5.0
3,George  Russell  RUS,Mercedes,66,129.927,15,53.0,58933.0,84.636,198.851,3.0,67.008,4.0,79.393,4,80.218,79.47,79.393,14.0,3.0,79.92,0.148,16.0,2.0,79.787,0.117,27.0,2.0,79.787,0.117,27.0,Spain,0,0.0,0.0,0.0,0.0,0.0,4.0
4,Carlos  Sainz  SAI,Ferrari,66,142.208,12,49.0,58597.0,85.985,195.731,3.0,66.51,3.0,79.166,3,79.892,79.453,79.166,16.0,5.0,80.129,0.357,23.0,4.0,79.99,0.32,31.0,4.0,79.99,0.32,31.0,Spain,0,0.0,0.0,0.0,0.0,0.0,3.0
5,Lewis  Hamilton  HAM,Mercedes,66,151.534,10,51.0,58776.0,84.253,199.755,3.0,75.4,6.0,79.512,6,80.252,79.794,79.512,15.0,4.0,80.002,0.23,18.0,3.0,79.874,0.204,26.0,3.0,79.874,0.204,26.0,Spain,0,0.0,0.0,0.0,0.0,0.0,6.0
6,Valtteri  Bottas  BOT,Alfa Romeo Ferrari,66,156.976,8,36.0,57439.0,86.395,194.802,2.0,45.528,7.0,79.608,7,80.355,80.053,79.608,18.0,9.0,80.781,1.009,24.0,16.0,81.828,2.158,3.0,16.0,81.828,2.158,3.0,Spain,0,0.0,0.0,0.0,0.0,0.0,7.0
7,Esteban  Ocon  OCO,Alpine Renault,66,172.397,6,54.0,59063.0,85.935,195.845,3.0,67.123,12.0,80.638,12,80.88,80.638,6039.0,9.0,10.0,80.882,1.11,18.0,9.0,80.745,1.075,27.0,9.0,80.745,1.075,27.0,Spain,0,0.0,0.0,0.0,0.0,0.0,12.0
8,Lando  Norris  NOR,McLaren Mercedes,66,180.235,4,53.0,58981.0,85.619,196.568,3.0,67.422,11.0,80.471,11,80.838,80.471,6039.0,12.0,7.0,80.403,0.631,18.0,20.0,83.388,3.718,6.0,20.0,83.388,3.718,6.0,Spain,0,0.0,0.0,0.0,0.0,0.0,11.0
9,Fernando  Alonso  ALO,Alpine Renault,65,194.0,2,56.0,59253.0,86.599,194.344,3.0,69.696,20.0,81.043,17,81.043,6039.0,6039.0,5.0,13.0,80.981,1.209,17.0,6.0,80.203,0.533,26.0,6.0,80.203,0.533,26.0,Spain,0,0.0,0.0,0.0,0.0,0.0,17.0
10,Yuki  Tsunoda  TSU,AlphaTauri RBPT,65,194.0,1,59.0,59518.0,86.828,193.831,3.0,68.201,13.0,80.639,13,80.707,80.639,6039.0,15.0,15.0,81.449,1.677,22.0,14.0,81.285,1.615,29.0,14.0,81.285,1.615,29.0,Spain,0,0.0,0.0,0.0,0.0,0.0,13.0
11,Sebastian  Vettel  VET,Aston Martin Aramco Mercedes,65,194.0,0,59.0,59528.0,87.629,192.059,2.0,44.992,16.0,80.954,16,80.954,6039.0,6039.0,6.0,12.0,80.944,1.172,24.0,8.0,80.703,1.033,31.0,8.0,80.703,1.033,31.0,Spain,0,0.0,0.0,0.0,0.0,0.0,16.0
12,Daniel  Ricciardo  RIC,McLaren Mercedes,65,194.0,0,54.0,59097.0,87.285,192.816,3.0,66.677,9.0,80.297,9,80.549,80.287,80.297,15.0,11.0,80.91,1.138,17.0,15.0,81.385,1.715,22.0,15.0,81.385,1.715,22.0,Spain,0,0.0,0.0,0.0,0.0,0.0,9.0
13,Pierre  Gasly  GAS,AlphaTauri RBPT,65,194.0,0,51.0,58837.0,86.987,193.477,3.0,71.793,14.0,80.861,14,80.719,80.861,6039.0,15.0,20.0,6039.0,99.0,1.0,11.0,80.917,1.247,28.0,11.0,80.917,1.247,28.0,Spain,0,0.0,0.0,0.0,0.0,0.0,14.0
14,Mick  Schumacher  MSC,Haas Ferrari,65,194.0,0,32.0,57123.0,87.447,192.459,2.0,46.709,10.0,80.368,10,80.683,80.436,80.368,18.0,19.0,85.467,5.695,4.0,10.0,80.757,1.087,25.0,10.0,80.757,1.087,25.0,Spain,0,0.0,0.0,0.0,0.0,0.0,10.0
15,Lance  Stroll  STR,Aston Martin Aramco Mercedes,65,194.0,0,54.0,59124.0,86.876,193.724,3.0,70.039,17.0,81.418,18,81.418,6039.0,6039.0,6.0,16.0,81.52,1.748,23.0,13.0,81.249,1.579,32.0,13.0,81.249,1.579,32.0,Spain,0,0.0,0.0,0.0,0.0,0.0,18.0
16,Nicholas  Latifi  LAT,Williams Mercedes,64,291.0,0,52.0,58968.0,87.246,192.902,3.0,68.261,19.0,81.915,20,81.915,6039.0,6039.0,9.0,18.0,82.419,2.647,18.0,19.0,83.197,3.527,25.0,19.0,83.197,3.527,25.0,Spain,0,0.0,0.0,0.0,0.0,0.0,20.0
17,Kevin  Magnussen  MAG,Haas Ferrari,64,291.0,0,3.0,54530.0,87.537,192.261,2.0,53.51,8.0,79.682,8,80.227,79.81,79.682,18.0,8.0,80.646,0.874,21.0,12.0,81.013,1.343,24.0,12.0,81.013,1.343,24.0,Spain,0,0.0,0.0,0.0,0.0,0.0,8.0
18,Alexander  Albon  ALB,Williams Mercedes,64,291.0,0,56.0,59368.0,88.281,190.641,4.0,92.808,18.0,81.645,19,81.645,6039.0,6039.0,6.0,17.0,81.572,1.8,18.0,18.0,82.319,2.649,31.0,18.0,82.319,2.649,31.0,Spain,0,0.0,0.0,0.0,0.0,0.0,19.0
99,Zhou  Guanyu  ZHO,Alfa Romeo Ferrari,28,999999,0,12.0,55308.0,88.415,190.352,1.0,23.109,15.0,81.094,15,80.476,81.094,6039.0,15.0,14.0,81.201,1.429,19.0,17.0,81.866,2.196,30.0,17.0,81.866,2.196,30.0,Spain,0,0.0,0.0,0.0,0.0,0.0,15.0
99,Charles  Leclerc  LEC,Ferrari,27,999999,0,25.0,56418.0,87.03,193.381,1.0,21.794,1.0,78.75,1,79.861,79.969,78.75,12.0,1.0,79.772,99.0,23.0,1.0,79.67,99.0,29.0,1.0,79.67,99.0,29.0,Spain,0,0.0,0.0,0.0,0.0,0.0,1.0
1,Sergio  Perez  PER,Red Bull Racing RBPT,64,999999,25,46.0,63485.0,76.028,158.01,3.0,1221.007,3.0,71.629,3,73.004,71.954,71.629,25.0,1.0,72.476,99.0,27.0,3.0,73.035,0.379,31.0,3.0,73.035,0.379,31.0,Monaco,0,0.0,0.0,0.0,0.0,0.0,3.0
2,Carlos  Sainz  SAI,Ferrari,64,98.154,18,47.0,63564.0,76.421,157.197,2.0,1199.459,2.0,71.601,2,72.616,72.074,71.601,25.0,3.0,72.846,0.37,28.0,2.0,72.7,0.044,32.0,2.0,72.7,0.044,32.0,Monaco,0,0.0,0.0,0.0,0.0,0.0,2.0
3,Max  Verstappen  VER,Red Bull Racing RBPT,64,98.491,15,47.0,63566.0,76.052,157.96,3.0,1229.514,4.0,71.666,4,72.993,72.117,71.666,25.0,4.0,72.881,0.405,29.0,4.0,73.103,0.447,33.0,4.0,73.103,0.447,33.0,Monaco,0,0.0,0.0,0.0,0.0,0.0,4.0
4,Charles  Leclerc  LEC,Ferrari,64,99.922,12,46.0,63491.0,76.249,157.552,3.0,1230.566,1.0,71.376,1,72.569,71.864,71.376,24.0,2.0,72.517,0.041,29.0,1.0,72.656,99.0,30.0,1.0,72.656,99.0,30.0,Monaco,0,0.0,0.0,0.0,0.0,0.0,1.0
5,George  Russell  RUS,Mercedes,64,108.968,10,42.0,63187.0,76.83,156.36,2.0,1202.897,6.0,72.112,6,72.787,72.617,72.112,27.0,9.0,73.476,1.0,26.0,6.0,73.406,0.75,31.0,6.0,73.406,0.75,31.0,Monaco,0,0.0,0.0,0.0,0.0,0.0,6.0
6,Lando  Norris  NOR,McLaren Mercedes,64,109.231,9,55.0,64221.0,74.693,160.834,4.0,1257.268,5.0,71.849,5,72.927,72.266,71.849,27.0,6.0,73.226,0.75,19.0,5.0,73.294,0.638,24.0,5.0,73.294,0.638,24.0,Monaco,0,0.0,0.0,0.0,0.0,0.0,5.0
7,Fernando  Alonso  ALO,Alpine Renault,64,143.358,6,50.0,63843.0,75.882,158.314,2.0,1206.584,7.0,72.247,7,73.394,72.688,72.247,22.0,10.0,73.585,1.109,23.0,8.0,73.912,1.256,31.0,8.0,73.912,1.256,31.0,Monaco,0,0.0,0.0,0.0,0.0,0.0,7.0
8,Lewis  Hamilton  HAM,Mercedes,64,147.388,4,51.0,63923.0,77.203,155.605,3.0,1235.584,8.0,72.56,8,73.444,72.595,72.56,29.0,7.0,73.375,0.899,26.0,12.0,74.267,1.611,29.0,12.0,74.267,1.611,29.0,Monaco,0,0.0,0.0,0.0,0.0,0.0,8.0
9,Valtteri  Bottas  BOT,Alfa Romeo Ferrari,64,149.525,2,57.0,64395.0,77.6,154.809,2.0,1212.564,12.0,72.909,12,73.541,72.909,6039.0,17.0,14.0,73.849,1.373,25.0,13.0,74.468,1.812,28.0,13.0,74.468,1.812,28.0,Monaco,0,0.0,0.0,0.0,0.0,0.0,12.0
10,Sebastian  Vettel  VET,Aston Martin Aramco Mercedes,64,150.536,1,54.0,64163.0,77.558,154.893,3.0,1219.593,9.0,72.732,9,73.313,72.613,72.732,28.0,13.0,73.838,1.362,28.0,9.0,74.059,1.403,32.0,9.0,74.059,1.403,32.0,Monaco,0,0.0,0.0,0.0,0.0,0.0,9.0
11,Pierre  Gasly  GAS,AlphaTauri RBPT,64,151.289,0,61.0,64710.0,77.344,155.321,3.0,1233.716,17.0,73.66,17,73.66,6039.0,6039.0,10.0,5.0,73.21,0.734,22.0,7.0,73.636,0.98,32.0,7.0,73.636,0.98,32.0,Monaco,0,0.0,0.0,0.0,0.0,0.0,17.0
12,Esteban  Ocon  OCO,Alpine Renault,64,152.644,0,50.0,63848.0,77.571,154.867,2.0,1211.36,10.0,73.047,10,72.848,72.528,73.047,22.0,17.0,74.26,1.784,22.0,18.0,75.216,2.56,34.0,18.0,75.216,2.56,34.0,Monaco,0,0.0,0.0,0.0,0.0,0.0,10.0
13,Daniel  Ricciardo  RIC,McLaren Mercedes,64,154.635,0,59.0,64557.0,77.532,154.945,2.0,1194.729,14.0,72.964,14,73.338,72.964,6039.0,21.0,16.0,74.104,1.628,29.0,20.0,6039.0,99.0,2.0,20.0,6039.0,99.0,2.0,Monaco,0,0.0,0.0,0.0,0.0,0.0,14.0
14,Lance  Stroll  STR,Aston Martin Aramco Mercedes,64,157.802,0,56.0,64325.0,77.672,154.665,4.0,1260.096,18.0,73.678,18,73.678,6039.0,6039.0,11.0,18.0,74.639,2.163,20.0,16.0,74.623,1.967,29.0,16.0,74.623,1.967,29.0,Monaco,0,0.0,0.0,0.0,0.0,0.0,18.0
15,Nicholas  Latifi  LAT,Williams Mercedes,63,194.0,0,43.0,63305.0,78.579,152.88,4.0,1281.873,19.0,74.403,19,74.403,6039.0,6039.0,13.0,20.0,74.91,2.434,26.0,19.0,76.276,3.62,33.0,19.0,76.276,3.62,33.0,Monaco,0,0.0,0.0,0.0,0.0,0.0,19.0
16,Zhou  Guanyu  ZHO,Alfa Romeo Ferrari,63,194.0,0,52.0,64021.0,78.2,153.621,2.0,1199.829,20.0,75.606,20,75.606,6039.0,6039.0,9.0,19.0,74.861,2.385,25.0,15.0,74.525,1.869,23.0,15.0,74.525,1.869,23.0,Monaco,0,0.0,0.0,0.0,0.0,0.0,20.0
17,Yuki  Tsunoda  TSU,AlphaTauri RBPT,63,194.0,0,61.0,64769.0,75.334,159.465,4.0,1250.799,11.0,72.797,11,73.11,72.797,6039.0,20.0,11.0,73.645,1.169,25.0,10.0,74.134,1.478,27.0,10.0,74.134,1.478,27.0,Monaco,0,0.0,0.0,0.0,0.0,0.0,11.0
99,Alexander  Albon  ALB,Williams Mercedes,48,999999,0,40.0,63071.0,78.023,153.969,3.0,1244.425,16.0,73.611,16,73.611,6039.0,6039.0,14.0,15.0,73.882,1.406,22.0,14.0,74.486,1.83,33.0,14.0,74.486,1.83,33.0,Monaco,0,0.0,0.0,0.0,0.0,0.0,16.0
99,Mick  Schumacher  MSC,Haas Ferrari,24,999999,0,24.0,60387.0,84.778,141.701,2.0,64.491,15.0,73.081,15,73.469,73.081,6039.0,17.0,12.0,73.827,1.351,26.0,17.0,74.894,2.238,33.0,17.0,74.894,2.238,33.0,Monaco,0,0.0,0.0,0.0,0.0,0.0,15.0
99,Kevin  Magnussen  MAG,Haas Ferrari,19,999999,0,18.0,59797.0,93.754,128.135,99.0,6039.0,13.0,72.921,13,73.069,72.921,6039.0,20.0,8.0,73.436,0.96,24.0,11.0,74.239,1.583,32.0,11.0,74.239,1.583,32.0,Monaco,0,0.0,0.0,0.0,0.0,0.0,13.0
1,Max  Verstappen  VER,Red Bull Racing RBPT,51,999999,25,50.0,59774.0,106.05,203.779,2.0,42.19,3.0,101.706,3,102.722,102.227,101.706,19.0,3.0,103.449,0.279,14.0,3.0,103.58,0.356,18.0,3.0,103.58,0.356,18.0,Azerbaijan,0,0.0,0.0,0.0,0.0,0.0,3.0
2,Sergio  Perez  PER,Red Bull Racing RBPT,51,117.82300000000001,19,36.0,58292.0,106.046,203.787,2.0,45.728,2.0,101.641,2,102.733,101.955,101.641,18.0,1.0,103.17,99.0,18.0,2.0,103.472,0.248,22.0,2.0,103.472,0.248,22.0,Azerbaijan,0,0.0,0.0,0.0,0.0,0.0,2.0
3,George  Russell  RUS,Mercedes,51,142.995,15,42.0,58958.0,107.177,201.636,2.0,41.065,5.0,102.712,5,103.754,103.281,102.712,23.0,8.0,104.573,1.403,17.0,7.0,104.548,1.324,26.0,7.0,104.548,1.324,26.0,Azerbaijan,0,0.0,0.0,0.0,0.0,0.0,5.0
4,Lewis  Hamilton  HAM,Mercedes,51,168.679,12,39.0,58656.0,107.044,201.887,2.0,42.301,7.0,102.924,7,103.939,103.182,102.924,22.0,12.0,104.845,1.675,19.0,12.0,104.874,1.65,25.0,12.0,104.874,1.65,25.0,Azerbaijan,0,0.0,0.0,0.0,0.0,0.0,7.0
5,Pierre  Gasly  GAS,AlphaTauri RBPT,51,174.299,10,39.0,58650.0,108.519,199.143,1.0,22.698,6.0,102.845,6,103.268,103.129,102.845,23.0,7.0,104.491,1.321,21.0,6.0,104.315,1.091,26.0,6.0,104.315,1.091,26.0,Azerbaijan,0,0.0,0.0,0.0,0.0,0.0,6.0
6,Sebastian  Vettel  VET,Aston Martin Aramco Mercedes,51,181.099,8,41.0,58879.0,108.206,199.719,1.0,20.249,9.0,103.091,9,103.279,103.268,103.091,18.0,10.0,104.689,1.519,18.0,11.0,104.781,1.557,27.0,11.0,104.781,1.557,27.0,Azerbaijan,0,0.0,0.0,0.0,0.0,0.0,9.0
7,Fernando  Alonso  ALO,Alpine Renault,51,185.596,6,49.0,59753.0,107.989,200.12,1.0,20.571,10.0,103.173,10,104.083,103.36,103.173,20.0,11.0,104.842,1.672,14.0,4.0,104.142,0.918,22.0,4.0,104.142,0.918,22.0,Azerbaijan,0,0.0,0.0,0.0,0.0,0.0,10.0
8,Daniel  Ricciardo  RIC,McLaren Mercedes,51,189.207,4,44.0,59213.0,108.276,199.589,1.0,21.794,12.0,103.574,12,104.437,103.574,6039.0,17.0,6.0,104.476,1.306,19.0,14.0,105.059,1.835,25.0,14.0,105.059,1.835,25.0,Azerbaijan,0,0.0,0.0,0.0,0.0,0.0,12.0
9,Lando  Norris  NOR,McLaren Mercedes,51,189.55599999999998,2,37.0,58457.0,107.997,200.105,1.0,21.443,11.0,103.398,11,104.237,103.398,6039.0,16.0,5.0,104.418,1.248,13.0,10.0,104.771,1.547,23.0,10.0,104.771,1.547,23.0,Azerbaijan,0,0.0,0.0,0.0,0.0,0.0,11.0
10,Esteban  Ocon  OCO,Alpine Renault,51,205.184,1,36.0,58358.0,108.297,199.551,1.0,22.638,13.0,103.585,13,103.903,103.585,6039.0,13.0,9.0,104.685,1.515,15.0,9.0,104.609,1.385,24.0,9.0,104.609,1.385,24.0,Azerbaijan,0,0.0,0.0,0.0,0.0,0.0,13.0
11,Valtteri  Bottas  BOT,Alfa Romeo Ferrari,50,194.0,0,42.0,59018.0,108.179,199.768,1.0,20.979,15.0,104.444,15,104.478,104.444,6039.0,13.0,19.0,105.574,2.404,17.0,15.0,105.115,1.891,25.0,15.0,105.115,1.891,25.0,Azerbaijan,0,0.0,0.0,0.0,0.0,0.0,15.0
12,Alexander  Albon  ALB,Williams Mercedes,50,194.0,0,48.0,59673.0,107.966,200.163,2.0,47.117,17.0,104.719,17,104.719,6039.0,6039.0,9.0,17.0,105.479,2.309,17.0,18.0,106.397,3.173,13.0,18.0,106.397,3.173,13.0,Azerbaijan,0,0.0,0.0,0.0,0.0,0.0,17.0
13,Yuki  Tsunoda  TSU,AlphaTauri RBPT,50,194.0,0,42.0,59026.0,107.523,200.987,2.0,64.583,8.0,103.056,8,103.595,103.376,103.056,22.0,16.0,104.964,1.794,20.0,8.0,104.567,1.343,24.0,8.0,104.567,1.343,24.0,Azerbaijan,0,0.0,0.0,0.0,0.0,0.0,8.0
14,Mick  Schumacher  MSC,Haas Ferrari,50,194.0,0,40.0,58836.0,108.41,199.343,2.0,49.204,20.0,105.775,20,105.775,6039.0,6039.0,9.0,18.0,105.532,2.362,19.0,19.0,106.425,3.201,21.0,19.0,106.425,3.201,21.0,Azerbaijan,0,0.0,0.0,0.0,0.0,0.0,20.0
15,Nicholas  Latifi  LAT,Williams Mercedes,50,194.0,0,37.0,58536.0,109.583,197.209,2.0,51.464,18.0,105.367,18,105.367,6039.0,6039.0,8.0,20.0,106.07,2.9,17.0,20.0,107.218,3.994,26.0,20.0,107.218,3.994,26.0,Azerbaijan,0,0.0,0.0,0.0,0.0,0.0,18.0
16,Lance  Stroll  STR,Aston Martin Aramco Mercedes,46,999999,0,38.0,58593.0,108.038,200.029,1.0,22.059,19.0,105.371,19,105.371,6039.0,6039.0,7.0,13.0,104.879,1.709,17.0,13.0,104.874,1.65,26.0,13.0,104.874,1.65,26.0,Azerbaijan,0,0.0,0.0,0.0,0.0,0.0,19.0
99,Kevin  Magnussen  MAG,Haas Ferrari,31,999999,0,12.0,55629.0,108.789,198.648,1.0,21.555,16.0,104.643,16,104.643,6039.0,6039.0,9.0,15.0,104.919,1.749,17.0,17.0,105.588,2.364,26.0,17.0,105.588,2.364,26.0,Azerbaijan,0,0.0,0.0,0.0,0.0,0.0,16.0
99,Zhou  Guanyu  ZHO,Alfa Romeo Ferrari,23,999999,0,12.0,55628.0,108.723,198.769,1.0,23.001,14.0,103.79,14,103.777,103.79,6039.0,13.0,14.0,104.913,1.743,18.0,16.0,105.264,2.04,24.0,16.0,105.264,2.04,24.0,Azerbaijan,0,0.0,0.0,0.0,0.0,0.0,14.0
99,Charles  Leclerc  LEC,Ferrari,21,999999,0,13.0,55701.0,107.531,200.972,1.0,23.212,1.0,101.359,1,102.865,102.046,101.359,19.0,2.0,103.24,0.07,19.0,1.0,103.224,99.0,24.0,1.0,103.224,99.0,24.0,Azerbaijan,0,0.0,0.0,0.0,0.0,0.0,1.0
99,Carlos  Sainz  SAI,Ferrari,8,999999,0,3.0,54569.0,108.978,198.304,99.0,6039.0,4.0,101.814,4,102.957,102.088,101.814,19.0,4.0,103.596,0.426,19.0,5.0,104.274,1.05,25.0,5.0,104.274,1.05,25.0,Azerbaijan,0,0.0,0.0,0.0,0.0,0.0,4.0
1,Max  Verstappen  VER,Red Bull Racing RBPT,70,999999,25,64.0,55919.0,75.839,207.012,2.0,47.921,1.0,81.299,1,92.219,83.746,81.299,30.0,9.0,94.616,0.78,10.0,1.0,74.127,99.0,33.0,1.0,74.127,99.0,33.0,Canada,0,0.0,0.0,0.0,0.0,0.0,1.0
2,Carlos  Sainz  SAI,Ferrari,70,97.993,19,63.0,55843.0,75.749,207.258,2.0,49.096,3.0,82.096,3,92.781,85.197,82.096,29.0,10.0,94.778,0.942,18.0,3.0,74.352,0.225,32.0,3.0,74.352,0.225,32.0,Canada,0,0.0,0.0,0.0,0.0,0.0,3.0
3,Lewis  Hamilton  HAM,Mercedes,70,104.006,15,69.0,56305.0,76.167,206.12,2.0,47.686,4.0,82.891,4,93.841,85.543,82.891,31.0,15.0,95.692,1.856,12.0,13.0,75.421,1.294,25.0,13.0,75.421,1.294,25.0,Canada,0,0.0,0.0,0.0,0.0,0.0,4.0
4,George  Russell  RUS,Mercedes,70,109.313,12,63.0,55851.0,76.418,205.443,2.0,48.02,8.0,83.557,8,93.16,84.95,83.557,30.0,7.0,94.259,0.423,11.0,7.0,74.971,0.844,31.0,7.0,74.971,0.844,31.0,Canada,0,0.0,0.0,0.0,0.0,0.0,8.0
5,Charles  Leclerc  LEC,Ferrari,70,112.168,10,62.0,55777.0,75.901,206.843,1.0,26.199,19.0,6039.0,15,93.008,6039.0,6039.0,10.0,20.0,6039.0,99.0,5.0,2.0,74.208,0.081,32.0,2.0,74.208,0.081,32.0,Canada,0,0.0,0.0,0.0,0.0,0.0,15.0
6,Esteban  Ocon  OCO,Alpine Renault,70,120.89,8,62.0,55780.0,77.11,203.6,2.0,49.629,7.0,83.529,7,93.012,86.135,83.529,30.0,4.0,94.003,0.167,16.0,10.0,75.119,0.992,32.0,10.0,75.119,0.992,32.0,Canada,0,0.0,0.0,0.0,0.0,0.0,7.0
7,Valtteri  Bottas  BOT,Alfa Romeo Ferrari,70,122.247,6,60.0,55626.0,76.927,204.084,1.0,26.089,11.0,86.788,11,93.689,86.788,6039.0,21.0,11.0,95.016,1.18,15.0,20.0,6039.0,99.0,3.0,20.0,6039.0,99.0,3.0,Canada,0,0.0,0.0,0.0,0.0,0.0,11.0
8,Zhou  Guanyu  ZHO,Alfa Romeo Ferrari,70,123.952,4,63.0,55859.0,76.578,205.014,2.0,48.261,10.0,84.03,10,93.692,86.116,84.03,31.0,12.0,95.213,1.377,15.0,16.0,75.526,1.399,31.0,16.0,75.526,1.399,31.0,Canada,0,0.0,0.0,0.0,0.0,0.0,10.0
9,Fernando  Alonso  ALO,Alpine Renault,70,126.945,2,64.0,55935.0,77.01,203.864,2.0,48.918,2.0,81.944,2,92.277,84.848,81.944,29.0,1.0,93.836,99.0,15.0,5.0,74.543,0.416,24.0,5.0,74.543,0.416,24.0,Canada,0,0.0,0.0,0.0,0.0,0.0,2.0
10,Lance  Stroll  STR,Aston Martin Aramco Mercedes,70,135.222,1,64.0,55945.0,77.421,202.782,1.0,25.252,17.0,95.532,18,95.532,6039.0,6039.0,11.0,13.0,95.531,1.695,23.0,12.0,75.396,1.269,34.0,12.0,75.396,1.269,34.0,Canada,0,0.0,0.0,0.0,0.0,0.0,18.0
11,Daniel  Ricciardo  RIC,McLaren Mercedes,70,140.047,0,59.0,55555.0,77.932,201.452,2.0,52.77,9.0,83.749,9,93.636,86.375,83.749,30.0,5.0,94.11,0.274,14.0,9.0,75.033,0.906,31.0,9.0,75.033,0.906,31.0,Canada,0,0.0,0.0,0.0,0.0,0.0,9.0
12,Sebastian  Vettel  VET,Aston Martin Aramco Mercedes,70,141.245,0,63.0,55870.0,77.956,201.39,2.0,47.087,16.0,94.512,17,94.512,6039.0,6039.0,12.0,3.0,93.891,0.055,18.0,4.0,74.442,0.315,35.0,4.0,74.442,0.315,35.0,Canada,0,0.0,0.0,0.0,0.0,0.0,17.0
13,Alexander  Albon  ALB,Williams Mercedes,70,141.893,0,59.0,55559.0,77.951,201.403,2.0,47.334,12.0,86.858,12,94.047,86.858,6039.0,21.0,16.0,95.761,1.925,17.0,18.0,76.171,2.044,30.0,18.0,76.171,2.044,30.0,Canada,0,0.0,0.0,0.0,0.0,0.0,12.0
14,Pierre  Gasly  GAS,AlphaTauri RBPT,70,142.183,0,60.0,55637.0,77.81,201.768,2.0,47.17,15.0,94.492,16,94.492,6039.0,6039.0,11.0,2.0,93.889,0.053,18.0,6.0,74.879,0.752,34.0,6.0,74.879,0.752,34.0,Canada,0,0.0,0.0,0.0,0.0,0.0,16.0
15,Lando  Norris  NOR,McLaren Mercedes,70,149.145,0,63.0,55873.0,77.495,202.588,2.0,67.166,14.0,6039.0,14,94.066,999999,6039.0,15.0,6.0,94.248,0.412,13.0,8.0,74.987,0.86,30.0,8.0,74.987,0.86,30.0,Canada,0,0.0,0.0,0.0,0.0,0.0,14.0
16,Nicholas  Latifi  LAT,Williams Mercedes,70,156.978,0,61.0,55722.0,78.54,199.893,2.0,54.054,18.0,95.66,19,95.66,6039.0,6039.0,11.0,19.0,98.394,4.558,11.0,19.0,76.509,2.382,27.0,19.0,76.509,2.382,27.0,Canada,0,0.0,0.0,0.0,0.0,0.0,19.0
17,Kevin  Magnussen  MAG,Haas Ferrari,70,165.18,0,11.0,51559.0,78.046,201.158,1.0,38.262,5.0,82.96,5,92.957,86.254,82.96,31.0,14.0,95.643,1.807,17.0,14.0,75.499,1.372,34.0,14.0,75.499,1.372,34.0,Canada,0,0.0,0.0,0.0,0.0,0.0,5.0
99,Yuki  Tsunoda  TSU,AlphaTauri RBPT,47,999999,0,15.0,51862.0,78.309,200.482,2.0,46.698,20.0,96.575,20,96.575,6039.0,6039.0,4.0,17.0,96.261,2.425,27.0,17.0,75.567,1.44,37.0,17.0,75.567,1.44,37.0,Canada,0,0.0,0.0,0.0,0.0,0.0,20.0
99,Mick  Schumacher  MSC,Haas Ferrari,18,999999,0,13.0,51688.0,78.967,198.812,99.0,6039.0,6.0,83.356,6,93.707,85.684,83.356,31.0,18.0,97.388,3.552,18.0,15.0,75.516,1.389,35.0,15.0,75.516,1.389,35.0,Canada,0,0.0,0.0,0.0,0.0,0.0,6.0
99,Sergio  Perez  PER,Red Bull Racing RBPT,7,999999,0,7.0,51163.0,78.844,199.122,99.0,6039.0,13.0,93.127,13,93.929,93.127,6039.0,14.0,8.0,94.498,0.662,10.0,11.0,75.167,1.04,29.0,11.0,75.167,1.04,29.0,Canada,0,0.0,0.0,0.0,0.0,0.0,13.0
1,Carlos  Sainz  SAI,Ferrari,52,999999,25,44.0,61735.0,90.813,233.53,3.0,3088.761,1.0,100.983,1,100.19,101.602,100.983,26.0,6.0,88.689,0.788,21.0,1.0,88.942,99.0,28.0,1.0,88.942,99.0,28.0,Great Britain,0,0.0,0.0,0.0,0.0,0.0,1.0
2,Sergio  Perez  PER,Red Bull Racing RBPT,52,100.779,18,47.0,62013.0,90.937,233.212,3.0,3100.229,4.0,101.616,4,100.521,102.513,101.616,26.0,2.0,88.311,0.41,21.0,7.0,89.753,0.811,17.0,7.0,89.753,0.811,17.0,Great Britain,0,0.0,0.0,0.0,0.0,0.0,4.0
3,Lewis  Hamilton  HAM,Mercedes,52,103.225,16,52.0,62472.0,90.51,234.312,3.0,3105.721,5.0,101.995,5,100.428,101.062,101.995,23.0,5.0,88.488,0.587,24.0,2.0,89.105,0.163,21.0,2.0,89.105,0.163,21.0,Great Britain,0,0.0,0.0,0.0,0.0,0.0,5.0
4,Charles  Leclerc  LEC,Ferrari,52,105.54599999999999,12,52.0,62474.0,91.282,232.33,2.0,3065.165,3.0,101.298,3,99.846,101.247,101.298,26.0,3.0,88.348,0.447,21.0,5.0,89.404,0.462,25.0,5.0,89.404,0.462,25.0,Great Britain,0,0.0,0.0,0.0,0.0,0.0,3.0
5,Fernando  Alonso  ALO,Alpine Renault,52,106.571,10,47.0,62015.0,91.609,231.501,3.0,3113.274,7.0,102.116,7,101.598,102.209,102.116,23.0,10.0,89.52,1.619,20.0,6.0,89.695,0.753,19.0,6.0,89.695,0.753,19.0,Great Britain,0,0.0,0.0,0.0,0.0,0.0,7.0
6,Lando  Norris  NOR,McLaren Mercedes,52,108.943,8,47.0,62016.0,91.645,231.41,3.0,3100.821,6.0,102.084,6,101.515,101.821,102.084,26.0,7.0,89.102,1.201,20.0,3.0,89.118,0.176,29.0,3.0,89.118,0.176,29.0,Great Britain,0,0.0,0.0,0.0,0.0,0.0,6.0
7,Max  Verstappen  VER,Red Bull Racing RBPT,52,115.777,6,44.0,61742.0,92.354,229.633,4.0,3124.723,2.0,101.055,2,99.129,100.655,101.055,24.0,1.0,87.901,99.0,18.0,4.0,89.149,0.207,18.0,4.0,89.149,0.207,18.0,Great Britain,0,0.0,0.0,0.0,0.0,0.0,2.0
8,Mick  Schumacher  MSC,Haas Ferrari,52,115.995,4,48.0,62113.0,92.109,230.244,3.0,3125.153,19.0,102.708,19,102.708,6039.0,6039.0,11.0,9.0,89.51,1.609,21.0,19.0,90.609,1.667,29.0,19.0,90.609,1.667,29.0,Great Britain,0,0.0,0.0,0.0,0.0,0.0,19.0
9,Sebastian  Vettel  VET,Aston Martin Aramco Mercedes,52,119.356,2,52.0,62488.0,92.471,229.343,3.0,3125.687,18.0,102.666,18,102.666,6039.0,6039.0,9.0,12.0,89.593,1.692,25.0,12.0,90.057,1.115,20.0,12.0,90.057,1.115,20.0,Great Britain,0,0.0,0.0,0.0,0.0,0.0,18.0
10,Kevin  Magnussen  MAG,Haas Ferrari,52,121.59,1,52.0,62490.0,92.661,228.872,2.0,3093.086,17.0,102.159,17,102.159,6039.0,6039.0,11.0,20.0,90.523,2.622,19.0,17.0,90.48,1.538,27.0,17.0,90.48,1.538,27.0,Great Britain,0,0.0,0.0,0.0,0.0,0.0,17.0
11,Lance  Stroll  STR,Aston Martin Aramco Mercedes,52,123.14699999999999,0,52.0,62492.0,92.379,229.571,3.0,3127.429,20.0,103.43,20,103.43,6039.0,6039.0,10.0,16.0,89.892,1.991,26.0,10.0,89.942,1.0,17.0,10.0,89.942,1.0,17.0,Great Britain,0,0.0,0.0,0.0,0.0,0.0,20.0
12,Nicholas  Latifi  LAT,Williams Mercedes,52,129.511,0,48.0,62120.0,93.286,227.339,3.0,3109.171,10.0,123.095,10,101.998,103.273,123.095,24.0,19.0,90.489,2.588,16.0,20.0,91.326,2.384,27.0,20.0,91.326,2.384,27.0,Great Britain,0,0.0,0.0,0.0,0.0,0.0,10.0
13,Daniel  Ricciardo  RIC,McLaren Mercedes,52,129.817,0,34.0,60686.0,92.644,228.914,4.0,3153.52,14.0,104.355,14,101.933,104.355,6039.0,18.0,18.0,90.293,2.392,21.0,9.0,89.902,0.96,26.0,9.0,89.902,0.96,26.0,Great Britain,0,0.0,0.0,0.0,0.0,0.0,14.0
14,Yuki  Tsunoda  TSU,AlphaTauri RBPT,52,137.91,0,51.0,62413.0,93.832,226.016,3.0,3076.068,13.0,104.311,13,101.893,104.311,6039.0,19.0,17.0,90.039,2.138,22.0,16.0,90.338,1.396,29.0,16.0,90.338,1.396,29.0,Great Britain,0,0.0,0.0,0.0,0.0,0.0,13.0
99,Esteban  Ocon  OCO,Alpine Renault,37,999999,0,37.0,60937.0,93.537,226.729,2.0,2981.102,15.0,105.19,15,101.73,105.19,6039.0,17.0,11.0,89.552,1.651,24.0,13.0,90.238,1.296,12.0,13.0,90.238,1.296,12.0,Great Britain,0,0.0,0.0,0.0,0.0,0.0,15.0
99,Pierre  Gasly  GAS,AlphaTauri RBPT,26,999999,0,18.0,59151.0,94.614,224.148,2.0,3078.582,11.0,103.702,11,101.68,103.702,6039.0,19.0,15.0,89.885,1.984,23.0,18.0,90.51,1.568,28.0,18.0,90.51,1.568,28.0,Great Britain,0,0.0,0.0,0.0,0.0,0.0,11.0
99,Valtteri  Bottas  BOT,Alfa Romeo Ferrari,20,999999,0,19.0,59219.0,95.103,222.996,1.0,3055.732,12.0,104.232,12,101.396,104.232,6039.0,20.0,8.0,89.185,1.284,20.0,11.0,90.0,1.058,29.0,11.0,90.0,1.058,29.0,Great Britain,0,0.0,0.0,0.0,0.0,0.0,12.0
99,George  Russell  RUS,Mercedes,0,999999,0,0.0,362439.0,6039.0,0.0,99.0,6039.0,8.0,102.161,8,100.028,101.725,102.161,23.0,4.0,88.426,0.525,21.0,8.0,89.799,0.857,29.0,8.0,89.799,0.857,29.0,Great Britain,0,0.0,0.0,0.0,0.0,0.0,8.0
99,Zhou  Guanyu  ZHO,Alfa Romeo Ferrari,0,999999,0,0.0,362439.0,6039.0,0.0,99.0,6039.0,9.0,102.719,9,100.791,102.64,102.719,28.0,13.0,89.752,1.851,17.0,15.0,90.271,1.329,27.0,15.0,90.271,1.329,27.0,Great Britain,0,0.0,0.0,0.0,0.0,0.0,9.0
99,Alexander  Albon  ALB,Williams Mercedes,0,999999,0,0.0,362439.0,6039.0,0.0,99.0,6039.0,16.0,102.078,16,102.078,6039.0,6039.0,11.0,14.0,89.78,1.879,22.0,14.0,90.263,1.321,14.0,14.0,90.263,1.321,14.0,Great Britain,0,0.0,0.0,0.0,0.0,0.0,16.0
1,Charles  Leclerc  LEC,Ferrari,71,999999,25,62.0,58639.0,67.583,230.01,3.0,64.501,2.0,6039.0,2,65.419,65.287,65.013,26.0,0.0,6039.0,99.0,0.0,2.0,68.66,0.05,43.0,2.0,66.557,0.255,32.0,Austria,2,23.0,1841.242,7.0,2.0,65.013,2.0
2,Max  Verstappen  VER,Red Bull Racing RBPT,71,98.532,19,62.0,58642.0,67.275,231.063,3.0,64.785,1.0,6039.0,1,65.852,65.374,64.984,19.0,0.0,6039.0,99.0,0.0,3.0,68.778,0.168,32.0,1.0,66.302,99.0,34.0,Austria,1,23.0,1590.059,8.0,1.0,64.984,1.0
3,Lewis  Hamilton  HAM,Mercedes,71,138.21699999999998,15,63.0,58742.0,69.0,225.286,2.0,45.723,8.0,6039.0,9,66.079,65.475,73.151,20.0,0.0,6039.0,99.0,0.0,9.0,69.35,0.74,14.0,5.0,66.909,0.607,31.0,Austria,8,23.0,1625.506,1.0,9.0,73.151,9.0
4,George  Russell  RUS,Mercedes,71,155.972,12,61.0,58620.0,69.075,225.042,2.0,59.932,4.0,6039.0,4,66.235,65.697,65.431,24.0,0.0,6039.0,99.0,0.0,7.0,69.24,0.63,33.0,3.0,66.702,0.4,32.0,Austria,4,23.0,1603.488,5.0,4.0,65.431,4.0
5,Esteban  Ocon  OCO,Alpine Renault,71,165.436,10,62.0,58690.0,69.559,223.476,2.0,43.864,6.0,6039.0,5,66.468,65.993,65.726,27.0,0.0,6039.0,99.0,0.0,5.0,68.848,0.238,24.0,12.0,67.462,1.16,27.0,Austria,6,23.0,1621.091,3.0,5.0,65.726,5.0
6,Mick  Schumacher  MSC,Haas Ferrari,70,194.0,8,50.0,57814.0,69.625,223.264,2.0,45.0,9.0,6039.0,7,66.405,66.151,66.011,22.0,0.0,6039.0,99.0,0.0,15.0,69.7,1.09,32.0,9.0,67.246,0.944,32.0,Austria,9,23.0,1627.222,0.0,7.0,66.011,7.0
7,Lando  Norris  NOR,McLaren Mercedes,70,194.0,6,62.0,58701.0,69.304,224.298,2.0,50.008,10.0,6039.0,15,66.33,85.847,6039.0,19.0,0.0,6039.0,99.0,0.0,10.0,69.519,0.909,38.0,20.0,69.915,3.613,14.0,Austria,11,23.0,1628.639,0.0,15.0,85.847,15.0
8,Kevin  Magnussen  MAG,Haas Ferrari,70,194.0,4,61.0,58631.0,69.938,222.265,2.0,44.293,7.0,6039.0,6,66.366,65.894,65.879,22.0,0.0,6039.0,99.0,0.0,18.0,69.96,1.35,34.0,6.0,66.965,0.663,32.0,Austria,7,23.0,1624.598,2.0,6.0,65.879,6.0
9,Daniel  Ricciardo  RIC,McLaren Mercedes,70,194.0,2,61.0,58637.0,69.924,222.309,2.0,43.245,11.0,6039.0,16,66.613,6039.0,6039.0,10.0,0.0,6039.0,99.0,0.0,17.0,69.852,1.242,34.0,17.0,67.743,1.441,25.0,Austria,12,23.0,1629.797,0.0,16.0,66.613,16.0
10,Fernando  Alonso  ALO,Alpine Renault,70,194.0,1,62.0,58722.0,68.558,226.739,3.0,67.631,19.0,6039.0,8,66.016,66.082,66.103,22.0,0.0,6039.0,99.0,0.0,4.0,68.832,0.222,21.0,8.0,67.1,0.798,32.0,Austria,99,0.0,999999.0,0.0,8.0,66.103,8.0
11,Valtteri  Bottas  BOT,Alfa Romeo Ferrari,70,194.0,0,61.0,58645.0,69.266,224.421,2.0,46.955,99.0,6039.0,12,66.442,66.319,6039.0,14.0,0.0,6039.0,99.0,0.0,8.0,69.251,0.641,26.0,14.0,67.522,1.22,27.0,Austria,10,23.0,1627.616,0.0,12.0,66.319,12.0
12,Alexander  Albon  ALB,Williams Mercedes,70,194.0,0,60.0,58574.0,69.669,223.123,2.0,44.423,15.0,6039.0,11,66.516,66.23,6039.0,15.0,0.0,6039.0,99.0,0.0,16.0,69.74,1.13,34.0,15.0,67.582,1.28,32.0,Austria,16,23.0,1642.471,0.0,11.0,66.23,11.0
13,Lance  Stroll  STR,Aston Martin Aramco Mercedes,70,194.0,0,64.0,58865.0,70.048,221.916,2.0,43.383,12.0,6039.0,17,66.847,6039.0,6039.0,12.0,0.0,6039.0,99.0,0.0,11.0,69.525,0.915,43.0,11.0,67.431,1.129,26.0,Austria,13,23.0,1638.3,0.0,17.0,66.847,17.0
14,Zhou  Guanyu  ZHO,Alfa Romeo Ferrari,70,194.0,0,50.0,57844.0,69.38,224.053,2.0,51.564,13.0,6039.0,18,66.901,6039.0,6039.0,9.0,0.0,6039.0,99.0,0.0,14.0,69.665,1.055,36.0,18.0,67.889,1.587,28.0,Austria,14,23.0,1640.812,0.0,18.0,66.901,18.0
15,Pierre  Gasly  GAS,AlphaTauri RBPT,70,194.0,0,61.0,58653.0,70.104,221.739,2.0,50.334,14.0,6039.0,10,66.589,66.16,6039.0,20.0,0.0,6039.0,99.0,0.0,12.0,69.579,0.969,37.0,16.0,67.592,1.29,33.0,Austria,15,23.0,1642.184,0.0,10.0,66.16,10.0
16,Yuki  Tsunoda  TSU,AlphaTauri RBPT,70,194.0,0,62.0,58730.0,70.023,221.995,2.0,43.268,16.0,6039.0,14,66.463,66.851,6039.0,19.0,0.0,6039.0,99.0,0.0,19.0,70.005,1.395,39.0,10.0,67.296,0.994,33.0,Austria,17,23.0,1644.615,0.0,14.0,66.851,14.0
17,Sebastian  Vettel  VET,Aston Martin Aramco Mercedes,70,194.0,0,62.0,58731.0,70.001,222.065,2.0,43.695,18.0,6039.0,20,67.083,6039.0,6039.0,12.0,0.0,6039.0,99.0,0.0,13.0,69.602,0.992,44.0,13.0,67.476,1.174,29.0,Austria,19,21.0,999999.0,0.0,20.0,67.083,20.0
99,Carlos  Sainz  SAI,Ferrari,56,999999,0,55.0,58109.0,68.649,226.438,2.0,42.704,3.0,6039.0,3,65.66,65.576,65.066,26.0,0.0,6039.0,99.0,0.0,1.0,68.61,99.0,40.0,7.0,67.039,0.737,29.0,Austria,3,23.0,1595.703,6.0,3.0,65.066,3.0
99,Nicholas  Latifi  LAT,Williams Mercedes,48,999999,0,14.0,55233.0,70.89,219.28,2.0,42.928,17.0,6039.0,19,67.003,6039.0,6039.0,9.0,0.0,6039.0,99.0,0.0,20.0,70.261,1.651,36.0,19.0,68.149,1.847,28.0,Austria,18,23.0,1658.753,0.0,19.0,67.003,19.0
99,Sergio  Perez  PER,Red Bull Racing RBPT,24,999999,0,5.0,54613.0,71.843,216.371,1.0,23.681,5.0,6039.0,13,66.143,66.458,6039.0,24.0,0.0,6039.0,99.0,0.0,6.0,69.179,0.569,36.0,4.0,66.839,0.537,27.0,Austria,5,23.0,1608.361,4.0,13.0,66.458,13.0
1,Max  Verstappen  VER,Red Bull Racing RBPT,53,999999,25,30.0,57333.0,97.491,215.724,1.0,35.266,2.0,91.176,2,91.891,91.99,91.176,14.0,1.0,92.272,99.0,23.0,3.0,93.077,0.55,17.0,3.0,93.077,0.55,17.0,France,0,0.0,0.0,0.0,0.0,0.0,2.0
2,Lewis  Hamilton  HAM,Mercedes,53,107.587,18,30.0,57337.0,97.668,215.333,1.0,37.189,4.0,91.765,4,93.041,92.274,91.765,19.0,4.0,93.255,0.983,22.0,5.0,93.517,0.99,23.0,5.0,93.517,0.99,23.0,France,0,0.0,0.0,0.0,0.0,0.0,4.0
3,George  Russell  RUS,Mercedes,53,113.495,15,51.0,59442.0,97.548,215.598,1.0,38.277,6.0,92.131,6,93.109,92.633,92.131,20.0,6.0,93.376,1.104,18.0,4.0,93.291,0.764,20.0,4.0,93.291,0.764,20.0,France,0,0.0,0.0,0.0,0.0,0.0,6.0
4,Sergio  Perez  PER,Red Bull Racing RBPT,53,114.31,12,45.0,58819.0,97.78,215.086,1.0,38.061,3.0,91.335,3,92.354,92.12,91.335,20.0,5.0,93.293,1.021,25.0,10.0,94.06,1.533,16.0,10.0,94.06,1.533,16.0,France,0,0.0,0.0,0.0,0.0,0.0,3.0
5,Carlos  Sainz  SAI,Ferrari,53,125.872,11,51.0,59458.0,95.781,219.575,2.0,83.75,19.0,6039.0,9,92.297,91.081,999999,10.0,2.0,92.626,0.354,14.0,1.0,92.527,99.0,22.0,1.0,92.527,99.0,22.0,France,0,0.0,0.0,0.0,0.0,0.0,9.0
6,Fernando  Alonso  ALO,Alpine Renault,53,139.879,8,53.0,59665.0,98.16,214.254,1.0,36.524,7.0,92.552,7,92.819,92.631,92.552,17.0,7.0,93.505,1.233,18.0,11.0,94.259,1.732,24.0,11.0,94.259,1.732,24.0,France,0,0.0,0.0,0.0,0.0,0.0,7.0
7,Lando  Norris  NOR,McLaren Mercedes,53,149.026,6,43.0,58647.0,99.037,212.356,1.0,37.539,5.0,92.032,5,92.672,92.777,92.032,14.0,9.0,93.669,1.397,16.0,6.0,93.607,1.08,21.0,6.0,93.607,1.08,21.0,France,0,0.0,0.0,0.0,0.0,0.0,5.0
8,Esteban  Ocon  OCO,Alpine Renault,53,153.959,4,53.0,59679.0,98.684,213.116,1.0,44.747,10.0,93.048,12,93.346,93.048,6039.0,12.0,17.0,94.122,1.85,18.0,18.0,94.66,2.133,26.0,18.0,94.66,2.133,26.0,France,0,0.0,0.0,0.0,0.0,0.0,12.0
9,Daniel  Ricciardo  RIC,McLaren Mercedes,53,157.372,2,27.0,57057.0,99.133,212.151,1.0,36.264,9.0,92.922,11,93.404,92.922,6039.0,12.0,11.0,93.788,1.516,17.0,9.0,93.984,1.457,23.0,9.0,93.984,1.457,23.0,France,0,0.0,0.0,0.0,0.0,0.0,11.0
10,Lance  Stroll  STR,Aston Martin Aramco Mercedes,53,159.549,1,52.0,59584.0,99.185,212.04,1.0,39.844,15.0,93.439,17,93.439,6039.0,6039.0,9.0,18.0,94.177,1.905,20.0,15.0,94.595,2.068,26.0,15.0,94.595,2.068,26.0,France,0,0.0,0.0,0.0,0.0,0.0,17.0
11,Sebastian  Vettel  VET,Aston Martin Aramco Mercedes,53,161.494,0,43.0,58658.0,99.044,212.341,1.0,36.671,12.0,93.276,14,93.285,93.276,6039.0,15.0,20.0,94.536,2.264,11.0,13.0,94.42,1.893,27.0,13.0,94.42,1.893,27.0,France,0,0.0,0.0,0.0,0.0,0.0,14.0
12,Pierre  Gasly  GAS,AlphaTauri RBPT,53,162.44799999999998,0,53.0,59688.0,98.786,212.896,1.0,35.969,14.0,93.439,16,93.439,6039.0,6039.0,7.0,13.0,93.869,1.597,18.0,7.0,93.906,1.379,24.0,7.0,93.906,1.379,24.0,France,0,0.0,0.0,0.0,0.0,0.0,16.0
13,Alexander  Albon  ALB,Williams Mercedes,53,165.565,0,53.0,59691.0,99.199,212.01,1.0,37.38,13.0,93.307,15,93.423,93.307,6039.0,11.0,8.0,93.558,1.286,19.0,16.0,94.653,2.126,23.0,16.0,94.653,2.126,23.0,France,0,0.0,0.0,0.0,0.0,0.0,15.0
14,Valtteri  Bottas  BOT,Alfa Romeo Ferrari,53,173.666,0,52.0,59600.0,97.963,214.685,2.0,74.375,11.0,93.052,13,93.034,93.052,6039.0,13.0,14.0,93.872,1.6,20.0,12.0,94.264,1.737,27.0,12.0,94.264,1.737,27.0,France,0,0.0,0.0,0.0,0.0,0.0,13.0
15,Mick  Schumacher  MSC,Haas Ferrari,53,177.394,0,48.0,59171.0,99.068,212.29,2.0,73.707,17.0,93.701,19,93.701,6039.0,6039.0,9.0,19.0,94.222,1.95,12.0,19.0,95.195,2.668,22.0,19.0,95.195,2.668,22.0,France,0,0.0,0.0,0.0,0.0,0.0,19.0
16,Zhou  Guanyu  ZHO,Alfa Romeo Ferrari,47,679.0,0,25.0,56917.0,99.368,211.649,2.0,87.234,16.0,93.674,18,93.674,6039.0,6039.0,8.0,15.0,93.911,1.639,19.0,17.0,94.654,2.127,26.0,17.0,94.654,2.127,26.0,France,0,0.0,0.0,0.0,0.0,0.0,18.0
99,Nicholas  Latifi  LAT,Williams Mercedes,40,999999,0,40.0,58415.0,99.65,211.05,2.0,74.439,18.0,93.794,20,93.794,6039.0,6039.0,6.0,12.0,93.841,1.569,16.0,20.0,95.412,2.885,27.0,20.0,95.412,2.885,27.0,France,0,0.0,0.0,0.0,0.0,0.0,20.0
99,Kevin  Magnussen  MAG,Haas Ferrari,37,999999,0,11.0,55365.0,99.265,211.869,2.0,73.182,20.0,6039.0,10,92.756,92.649,6039.0,9.0,16.0,94.031,1.759,23.0,8.0,93.928,1.401,24.0,8.0,93.928,1.401,24.0,France,0,0.0,0.0,0.0,0.0,0.0,10.0
99,Charles  Leclerc  LEC,Ferrari,17,999999,0,4.0,54618.0,98.088,214.411,99.0,6039.0,1.0,90.872,1,91.727,91.216,90.872,17.0,3.0,92.909,0.637,20.0,2.0,92.628,0.101,22.0,2.0,92.628,0.101,22.0,France,0,0.0,0.0,0.0,0.0,0.0,1.0
99,Yuki  Tsunoda  TSU,AlphaTauri RBPT,17,999999,0,4.0,54644.0,100.216,209.858,1.0,37.648,8.0,92.78,8,93.394,92.836,92.78,20.0,10.0,93.751,1.479,19.0,14.0,94.54,2.013,24.0,14.0,94.54,2.013,24.0,France,0,0.0,0.0,0.0,0.0,0.0,8.0
1,Max  Verstappen  VER,Red Bull Racing RBPT,70,999999,25,45.0,58046.0,82.126,192.041,2.0,42.579,10.0,78.823,10,78.509,77.703,78.823,21.0,4.0,103.205,1.725,10.0,4.0,78.728,0.283,26.0,4.0,78.728,0.283,26.0,Hungary,0,0.0,0.0,0.0,0.0,0.0,10.0
2,Lewis  Hamilton  HAM,Mercedes,70,104.834,19,57.0,59056.0,81.386,193.787,2.0,43.794,7.0,78.142,7,78.374,78.035,78.142,21.0,11.0,104.832,3.352,11.0,11.0,79.547,1.102,23.0,11.0,79.547,1.102,23.0,Hungary,0,0.0,0.0,0.0,0.0,0.0,7.0
3,George  Russell  RUS,Mercedes,70,109.337,15,57.0,59049.0,82.766,190.556,2.0,44.506,1.0,77.377,1,78.407,78.154,77.377,23.0,5.0,103.434,1.954,13.0,8.0,79.355,0.91,28.0,8.0,79.355,0.91,28.0,Hungary,0,0.0,0.0,0.0,0.0,0.0,1.0
4,Carlos  Sainz  SAI,Ferrari,70,111.57900000000001,12,51.0,58554.0,82.0,192.336,2.0,46.276,2.0,77.421,2,78.434,77.946,77.421,22.0,7.0,103.589,2.109,15.0,3.0,78.676,0.231,29.0,3.0,78.676,0.231,29.0,Hungary,0,0.0,0.0,0.0,0.0,0.0,2.0
5,Sergio  Perez  PER,Red Bull Racing RBPT,70,112.688,10,44.0,57990.0,81.94,192.477,2.0,42.285,11.0,78.516,11,79.118,78.516,6039.0,16.0,20.0,108.24,6.76,11.0,9.0,79.397,0.952,28.0,9.0,79.397,0.952,28.0,Hungary,0,0.0,0.0,0.0,0.0,0.0,11.0
6,Charles  Leclerc  LEC,Ferrari,70,113.047,8,57.0,59072.0,81.622,193.227,3.0,65.291,3.0,77.567,3,78.806,77.768,77.567,22.0,2.0,102.141,0.661,14.0,1.0,78.445,99.0,27.0,1.0,78.445,99.0,27.0,Hungary,0,0.0,0.0,0.0,0.0,0.0,3.0
7,Lando  Norris  NOR,McLaren Mercedes,70,175.3,6,47.0,58260.0,83.043,189.92,2.0,45.422,4.0,77.769,4,78.653,78.121,77.769,19.0,8.0,103.743,2.263,13.0,2.0,78.662,0.217,29.0,2.0,78.662,0.217,29.0,Hungary,0,0.0,0.0,0.0,0.0,0.0,4.0
8,Fernando  Alonso  ALO,Alpine Renault,69,194.0,4,47.0,58266.0,83.979,187.804,1.0,22.083,6.0,78.078,6,78.716,77.904,78.078,17.0,6.0,103.57,2.09,16.0,6.0,79.049,0.604,30.0,6.0,79.049,0.604,30.0,Hungary,0,0.0,0.0,0.0,0.0,0.0,6.0
9,Esteban  Ocon  OCO,Alpine Renault,69,194.0,2,60.0,59369.0,84.149,187.424,1.0,23.581,5.0,78.018,5,78.866,78.216,78.018,20.0,13.0,105.57,4.09,17.0,13.0,79.614,1.169,27.0,13.0,79.614,1.169,27.0,Hungary,0,0.0,0.0,0.0,0.0,0.0,5.0
10,Sebastian  Vettel  VET,Aston Martin Aramco Mercedes,69,194.0,1,51.0,58629.0,82.824,190.423,2.0,46.432,18.0,79.273,18,79.273,6039.0,6039.0,10.0,9.0,104.178,2.698,14.0,7.0,79.253,0.808,31.0,7.0,79.253,0.808,31.0,Hungary,0,0.0,0.0,0.0,0.0,0.0,18.0
11,Lance  Stroll  STR,Aston Martin Aramco Mercedes,69,194.0,0,51.0,58624.0,82.437,191.317,2.0,43.394,14.0,79.137,14,79.205,79.137,6039.0,16.0,15.0,105.638,4.158,17.0,14.0,79.702,1.257,30.0,14.0,79.702,1.257,30.0,Hungary,0,0.0,0.0,0.0,0.0,0.0,14.0
12,Pierre  Gasly  GAS,AlphaTauri RBPT,69,194.0,0,58.0,59223.0,83.199,189.564,2.0,43.164,20.0,79.527,19,79.527,6039.0,6039.0,9.0,19.0,106.091,4.611,18.0,15.0,79.73,1.285,28.0,15.0,79.73,1.285,28.0,Hungary,0,0.0,0.0,0.0,0.0,0.0,19.0
13,Zhou  Guanyu  ZHO,Alfa Romeo Ferrari,69,194.0,0,58.0,59247.0,82.029,192.268,2.0,50.539,12.0,78.573,12,78.973,78.573,6039.0,16.0,16.0,105.691,4.211,17.0,12.0,79.605,1.16,26.0,12.0,79.605,1.16,26.0,Hungary,0,0.0,0.0,0.0,0.0,0.0,12.0
14,Mick  Schumacher  MSC,Haas Ferrari,69,194.0,0,50.0,58558.0,83.151,189.674,2.0,45.519,15.0,79.202,15,79.164,79.202,6039.0,16.0,12.0,105.156,3.676,18.0,17.0,79.985,1.54,28.0,17.0,79.985,1.54,28.0,Hungary,0,0.0,0.0,0.0,0.0,0.0,15.0
15,Daniel  Ricciardo  RIC,McLaren Mercedes,69,194.0,0,63.0,59650.0,83.654,188.533,2.0,43.079,9.0,78.379,9,78.775,78.198,78.379,19.0,14.0,105.624,4.144,11.0,5.0,78.872,0.427,27.0,5.0,78.872,0.427,27.0,Hungary,0,0.0,0.0,0.0,0.0,0.0,9.0
16,Kevin  Magnussen  MAG,Haas Ferrari,69,194.0,0,37.0,57464.0,83.511,188.856,3.0,75.998,13.0,78.825,13,78.993,78.825,6039.0,18.0,10.0,104.655,3.175,20.0,16.0,79.818,1.373,29.0,16.0,79.818,1.373,29.0,Hungary,0,0.0,0.0,0.0,0.0,0.0,13.0
17,Alexander  Albon  ALB,Williams Mercedes,69,194.0,0,43.0,57982.0,83.047,189.911,3.0,77.338,17.0,79.256,17,79.256,6039.0,6039.0,10.0,3.0,102.381,0.901,19.0,20.0,80.615,2.17,20.0,20.0,80.615,2.17,20.0,Hungary,0,0.0,0.0,0.0,0.0,0.0,17.0
18,Nicholas  Latifi  LAT,Williams Mercedes,69,194.0,0,60.0,59447.0,82.478,191.221,3.0,73.094,19.0,79.57,20,79.57,6039.0,6039.0,10.0,1.0,101.48,99.0,17.0,18.0,80.488,2.043,30.0,18.0,80.488,2.043,30.0,Hungary,0,0.0,0.0,0.0,0.0,0.0,20.0
19,Yuki  Tsunoda  TSU,AlphaTauri RBPT,68,291.0,0,58.0,59297.0,83.538,188.795,3.0,65.721,16.0,79.24,16,79.24,6039.0,6039.0,9.0,17.0,105.85,4.37,17.0,19.0,80.521,2.076,31.0,19.0,80.521,2.076,31.0,Hungary,0,0.0,0.0,0.0,0.0,0.0,16.0
20,Valtteri  Bottas  BOT,Alfa Romeo Ferrari,65,999999,0,60.0,59376.0,84.002,187.752,1.0,22.272,8.0,78.157,8,78.935,78.445,78.157,20.0,18.0,105.93,4.45,20.0,10.0,79.411,0.966,30.0,10.0,79.411,0.966,30.0,Hungary,0,0.0,0.0,0.0,0.0,0.0,8.0
