Final Race Position,Driver Name,Car,Race Laps,Race Time,Race Points,Fastest Lap No,Time of day,Fastest Lap Time,Avg Speed,Stops,Total Pit Time,Starting Grid Pos,Starting Grid Quali Time,Qualifying Postition,Q1,Q2,Q3,Qualifying Laps,P3 Postition,P3 Time,P3 Gap,P3 Laps,P2 Postition,P2 Time,P2 Gap,P2 Laps,P1 Postition,P1 Time,P1 Gap,P1 Laps,Race,Final Sprint Postition,Sprint Laps,Sprint Time/Retired,Sprint PTS,Starting Sprint Postition,Sprint Grid Time
1,Charles  Leclerc  LEC,Ferrari,57,5853.584,26,51.0,19:31:35,1:34.570,206.018,3.0,1:14.152,1.0,1:30.558,1,1:31.471,1:30.932,1:30.558,15.0,2.0,1:32.640,0.096,16.0,2.0,1:32.023,0.087,20.0,2.0,1:32.023,0.087,20.0,Bahrain,0.0,0.0,99:99,0.0,0.0,99:99
2,Carlos  Sainz  SAI,Ferrari,57,5859.182,18,52.0,19:33:13,1:35.740,203.501,3.0,1:13.391,3.0,1:30.687,3,1:31.567,1:30.787,1:30.687,15.0,5.0,1:33.053,0.509,20.0,3.0,1:32.520,0.584,22.0,3.0,1:32.520,0.584,22.0,Bahrain,0.0,0.0,99:99,0.0,0.0,99:99
3,Lewis  Hamilton  HAM,Mercedes,57,5863.259,15,53.0,19:34:51,1:36.228,202.469,3.0,1:16.576,5.0,1:31.238,5,1:32.285,1:31.048,1:31.238,17.0,6.0,1:33.121,0.577,15.0,9.0,1:33.144,1.208,23.0,9.0,1:33.144,1.208,23.0,Bahrain,0.0,0.0,99:99,0.0,0.0,99:99
4,George  Russell  RUS,Mercedes,57,5864.795,12,56.0,19:39:42,1:36.302,202.313,3.0,1:16.796,9.0,1:32.216,9,1:32.269,1:31.252,1:32.216,17.0,4.0,1:32.935,0.391,19.0,4.0,1:32.529,0.593,25.0,4.0,1:32.529,0.593,25.0,Bahrain,0.0,0.0,99:99,0.0,0.0,99:99
5,Kevin  Magnussen  MAG,Haas Ferrari,57,5868.338,10,53.0,19:34:54,1:36.623,201.641,3.0,1:17.405,7.0,1:31.808,7,1:31.955,1:31.461,1:31.808,12.0,7.0,1:33.437,0.893,15.0,10.0,1:33.183,1.247,23.0,10.0,1:33.183,1.247,23.0,Bahrain,0.0,0.0,99:99,0.0,0.0,99:99
6,Valtteri  Bottas  BOT,Alfa Romeo Ferrari,57,5869.7029999999995,8,53.0,19:34:55,1:36.599,201.691,3.0,1:16.237,6.0,1:31.560,6,1:31.919,1:31.717,1:31.560,15.0,8.0,1:33.733,1.189,21.0,6.0,1:32.951,1.015,30.0,6.0,1:32.951,1.015,30.0,Bahrain,0.0,0.0,99:99,0.0,0.0,99:99
7,Esteban  Ocon  OCO,Alpine Renault,57,5873.007,6,53.0,19:34:56,1:37.110,200.63,3.0,1:20.110,11.0,1:31.782,11,1:32.041,1:31.782,99:99,12.0,18.0,1:34.957,2.413,16.0,12.0,1:33.360,1.424,25.0,12.0,1:33.360,1.424,25.0,Bahrain,0.0,0.0,99:99,0.0,0.0,99:99
8,Yuki  Tsunoda  TSU,AlphaTauri RBPT,57,5873.97,4,53.0,19:34:57,1:37.104,200.642,3.0,1:14.633,16.0,1:32.750,16,1:32.750,99:99,99:99,8.0,0.0,99:99,999.0,0.0,14.0,1:33.789,1.853,26.0,14.0,1:33.789,1.853,26.0,Bahrain,0.0,0.0,99:99,0.0,0.0,99:99
9,Fernando  Alonso  ALO,Alpine Renault,57,5875.974,2,44.0,19:18:02,1:36.733,201.412,3.0,1:14.782,8.0,1:32.195,8,1:32.346,1:31.621,1:32.195,14.0,16.0,1:34.628,2.084,15.0,5.0,1:32.877,0.941,24.0,5.0,1:32.877,0.941,24.0,Bahrain,0.0,0.0,99:99,0.0,0.0,99:99
10,Zhou  Guanyu  ZHO,Alfa Romeo Ferrari,57,5876.648,1,39.0,19:09:38,1:36.685,201.512,3.0,1:19.366,15.0,1:33.543,15,1:32.493,1:33.543,99:99,12.0,9.0,1:33.880,1.336,18.0,15.0,1:33.953,2.017,27.0,15.0,1:33.953,2.017,27.0,Bahrain,0.0,0.0,99:99,0.0,0.0,99:99
11,Mick  Schumacher  MSC,Haas Ferrari,57,5886.157999999999,0,37.0,19:06:35,1:36.956,200.948,2.0,50.800,12.0,1:31.998,12,1:32.380,1:31.998,99:99,11.0,14.0,1:34.295,1.751,17.0,8.0,1:33.085,1.149,24.0,8.0,1:33.085,1.149,24.0,Bahrain,0.0,0.0,99:99,0.0,0.0,99:99
12,Lance  Stroll  STR,Aston Martin Aramco Mercedes,57,5899.456999999999,0,49.0,19:28:47,1:37.146,200.555,3.0,1:17.735,19.0,1:33.032,19,1:33.032,99:99,99:99,6.0,10.0,1:33.920,1.376,14.0,16.0,1:33.958,2.022,25.0,16.0,1:33.958,2.022,25.0,Bahrain,0.0,0.0,99:99,0.0,0.0,99:99
13,Alexander  Albon  ALB,Williams Mercedes,57,5907.516,0,50.0,19:30:32,1:37.355,200.125,3.0,1:15.499,14.0,1:32.664,14,1:32.726,1:32.664,99:99,13.0,17.0,1:34.868,2.324,15.0,20.0,1:34.735,2.799,22.0,20.0,1:34.735,2.799,22.0,Bahrain,0.0,0.0,99:99,0.0,0.0,99:99
14,Daniel  Ricciardo  RIC,McLaren Mercedes,57,5908.559,0,50.0,19:30:34,1:37.261,200.318,3.0,1:14.939,18.0,1:32.945,18,1:32.945,99:99,99:99,8.0,15.0,1:34.378,1.834,20.0,18.0,1:34.166,2.23,12.0,18.0,1:34.166,2.23,12.0,Bahrain,0.0,0.0,99:99,0.0,0.0,99:99
15,Lando  Norris  NOR,McLaren Mercedes,57,5909.919,0,51.0,19:32:13,1:36.988,200.882,3.0,1:16.910,13.0,1:32.008,13,1:32.239,1:32.008,99:99,14.0,11.0,1:33.955,1.411,18.0,11.0,1:33.280,1.344,27.0,11.0,1:33.280,1.344,27.0,Bahrain,0.0,0.0,99:99,0.0,0.0,99:99
16,Nicholas  Latifi  LAT,Williams Mercedes,57,5915.379,0,51.0,19:32:16,1:38.251,198.3,3.0,1:13.893,20.0,1:33.634,20,1:33.634,99:99,99:99,8.0,19.0,1:35.667,3.123,14.0,19.0,1:34.486,2.55,28.0,19.0,1:34.486,2.55,28.0,Bahrain,0.0,0.0,99:99,0.0,0.0,99:99
17,Nico  Hulkenberg  HUL,Aston Martin Aramco Mercedes,57,5917.413,0,49.0,19:29:00,1:38.201,198.401,3.0,1:19.825,17.0,1:32.777,17,1:32.777,99:99,99:99,6.0,12.0,1:33.971,1.427,18.0,17.0,1:34.061,2.125,28.0,17.0,1:34.061,2.125,28.0,Bahrain,0.0,0.0,99:99,0.0,0.0,99:99
18,Sergio  Perez  PER,Red Bull Racing RBPT,56,999999,0,52.0,19:33:14,1:36.089,202.762,3.0,1:14.166,4.0,1:30.921,4,1:32.311,1:31.008,1:30.921,18.0,3.0,1:32.791,0.247,20.0,7.0,1:32.958,1.022,20.0,7.0,1:32.958,1.022,20.0,Bahrain,0.0,0.0,99:99,0.0,0.0,99:99
19,Max  Verstappen  VER,Red Bull Racing RBPT,54,999999,0,51.0,19:31:37,1:35.440,204.14,3.0,1:14.236,2.0,1:30.681,2,1:31.785,1:30.757,1:30.681,14.0,1.0,1:32.544,999.0,15.0,1.0,1:31.936,999.0,20.0,1.0,1:31.936,999.0,20.0,Bahrain,0.0,0.0,99:99,0.0,0.0,99:99
NC,Pierre  Gasly  GAS,AlphaTauri RBPT,44,999999,0,34.0,19:01:03,1:37.324,200.189,2.0,50.450,10.0,1:32.338,10,1:32.096,1:31.635,1:32.338,21.0,13.0,1:34.176,1.632,18.0,13.0,1:33.621,1.685,24.0,13.0,1:33.621,1.685,24.0,Bahrain,0.0,0.0,99:99,0.0,0.0,99:99
1,Max  Verstappen  VER,Red Bull Racing RBPT,50,999999,25,50.0,21:27:46,1:31.772,242.191,1.0,20.731,4.0,1:28.461,4,1:28.928,1:28.945,1:28.461,22.0,2.0,1:29.768,0.033,12.0,2.0,1:30.214,0.14,23.0,2.0,1:30.214,0.14,23.0,Saudi Arabia,0.0,0.0,99:99,0.0,0.0,99:99
2,Charles  Leclerc  LEC,Ferrari,50,5854.133,19,48.0,21:24:43,1:31.634,242.556,1.0,21.038,2.0,1:28.225,2,1:29.039,1:28.780,1:28.225,22.0,1.0,1:29.735,999.0,23.0,1.0,1:30.074,999.0,15.0,1.0,1:30.074,999.0,15.0,Saudi Arabia,0.0,0.0,99:99,0.0,0.0,99:99
3,Carlos  Sainz  SAI,Ferrari,50,5861.681,15,48.0,21:24:50,1:31.905,241.841,1.0,21.521,3.0,1:28.402,3,1:28.855,1:28.686,1:28.402,23.0,4.0,1:30.009,0.274,22.0,3.0,1:30.320,0.246,12.0,3.0,1:30.320,0.246,12.0,Saudi Arabia,0.0,0.0,99:99,0.0,0.0,99:99
4,Sergio  Perez  PER,Red Bull Racing RBPT,50,5864.384,12,46.0,21:21:47,1:32.042,241.481,1.0,20.481,1.0,1:28.200,1,1:29.705,1:28.924,1:28.200,20.0,3.0,1:29.833,0.098,16.0,4.0,1:30.360,0.286,24.0,4.0,1:30.360,0.286,24.0,Saudi Arabia,0.0,0.0,99:99,0.0,0.0,99:99
5,George  Russell  RUS,Mercedes,50,5886.316,10,43.0,21:17:24,1:32.821,239.454,1.0,21.415,6.0,1:29.104,6,1:29.680,1:29.618,1:29.104,21.0,14.0,1:30.983,1.248,15.0,6.0,1:30.664,0.59,29.0,6.0,1:30.664,0.59,29.0,Saudi Arabia,0.0,0.0,99:99,0.0,0.0,99:99
6,Esteban  Ocon  OCO,Alpine Renault,50,5909.601,8,46.0,21:22:25,1:33.103,238.729,1.0,21.141,5.0,1:29.068,5,1:30.093,1:29.584,1:29.068,19.0,6.0,1:30.139,0.404,16.0,8.0,1:30.760,0.686,26.0,8.0,1:30.760,0.686,26.0,Saudi Arabia,0.0,0.0,99:99,0.0,0.0,99:99
7,Lando  Norris  NOR,McLaren Mercedes,50,5909.708,6,46.0,21:22:26,1:32.753,239.629,1.0,20.383,11.0,1:29.651,11,1:29.957,1:29.651,99:99,16.0,19.0,1:31.529,1.794,17.0,7.0,1:30.735,0.661,26.0,7.0,1:30.735,0.661,26.0,Saudi Arabia,0.0,0.0,99:99,0.0,0.0,99:99
8,Pierre  Gasly  GAS,AlphaTauri RBPT,50,5916.53,4,42.0,21:16:17,1:33.468,237.796,1.0,22.82,9.0,1:29.254,9,1:29.891,1:29.418,1:29.254,22.0,7.0,1:30.148,0.413,11.0,12.0,1:30.963,0.889,29.0,12.0,1:30.963,0.889,29.0,Saudi Arabia,0.0,0.0,99:99,0.0,0.0,99:99
9,Kevin  Magnussen  MAG,Haas Ferrari,50,5917.892,2,48.0,21:25:44,1:32.779,239.562,1.0,22.374,10.0,1:29.588,10,1:29.831,1:29.546,1:29.588,24.0,8.0,1:30.262,0.527,18.0,20.0,1:32.344,2.27,13.0,20.0,1:32.344,2.27,13.0,Saudi Arabia,0.0,0.0,99:99,0.0,0.0,99:99
10,Lewis  Hamilton  HAM,Mercedes,50,5927.532,1,47.0,21:24:16,1:32.997,239.001,1.0,21.788,15.0,1:30.343,16,1:30.343,99:99,99:99,11.0,11.0,1:30.707,0.972,17.0,5.0,1:30.513,0.439,24.0,5.0,1:30.513,0.439,24.0,Saudi Arabia,0.0,0.0,99:99,0.0,0.0,99:99
11,Zhou  Guanyu  ZHO,Alfa Romeo Ferrari,50,5935.799,0,45.0,21:21:14,1:33.924,236.642,2.0,48.837,12.0,1:29.819,13,1:29.978,1:29.819,99:99,17.0,13.0,1:30.946,1.211,20.0,17.0,1:31.615,1.541,27.0,17.0,1:31.615,1.541,27.0,Saudi Arabia,0.0,0.0,99:99,0.0,0.0,99:99
12,Nico  Hulkenberg  HUL,Aston Martin Aramco Mercedes,50,5945.326,0,47.0,21:24:31,1:33.651,237.332,1.0,21.425,17.0,1:30.543,18,1:30.543,99:99,99:99,10.0,18.0,1:31.424,1.689,18.0,16.0,1:31.615,1.541,30.0,16.0,1:31.615,1.541,30.0,Saudi Arabia,0.0,0.0,99:99,0.0,0.0,99:99
13,Lance  Stroll  STR,Aston Martin Aramco Mercedes,49,11707.168,0,46.0,21:22:45,1:34.446,235.334,1.0,22.339,13.0,1:31.009,15,1:30.256,1:31.009,99:99,15.0,15.0,1:31.067,1.332,18.0,14.0,1:31.372,1.298,28.0,14.0,1:31.372,1.298,28.0,Saudi Arabia,0.0,0.0,99:99,0.0,0.0,99:99
14,Alexander  Albon  ALB,Williams Mercedes,47,999999,0,46.0,21:22:46,1:34.368,235.528,1.0,20.683,16.0,1:30.492,17,1:30.492,99:99,99:99,9.0,17.0,1:31.374,1.639,16.0,19.0,1:31.866,1.792,29.0,19.0,1:31.866,1.792,29.0,Saudi Arabia,0.0,0.0,99:99,0.0,0.0,99:99
NC,Valtteri  Bottas  BOT,Alfa Romeo Ferrari,36,999999,0,31.0,20:57:27,1:33.979,236.503,2.0,45.271,8.0,1:29.183,8,1:29.683,1:29.404,1:29.183,22.0,5.0,1:30.030,0.295,22.0,9.0,1:30.832,0.758,14.0,9.0,1:30.832,0.758,14.0,Saudi Arabia,0.0,0.0,99:99,0.0,0.0,99:99
NC,Fernando  Alonso  ALO,Alpine Renault,35,999999,0,33.0,21:00:34,1:33.831,236.876,1.0,21.543,7.0,1:29.147,7,1:29.978,1:29.295,1:29.147,20.0,9.0,1:30.296,0.561,17.0,11.0,1:30.944,0.87,27.0,11.0,1:30.944,0.87,27.0,Saudi Arabia,0.0,0.0,99:99,0.0,0.0,99:99
NC,Daniel  Ricciardo  RIC,McLaren Mercedes,35,999999,0,34.0,21:02:18,1:34.487,235.232,1.0,20.65,14.0,1:29.773,12,1:30.009,1:29.773,99:99,17.0,16.0,1:31.186,1.451,16.0,15.0,1:31.527,1.453,23.0,15.0,1:31.527,1.453,23.0,Saudi Arabia,0.0,0.0,99:99,0.0,0.0,99:99
NC,Nicholas  Latifi  LAT,Williams Mercedes,14,999999,0,9.0,20:18:21,1:37.530,227.892,99.0,99:99:99,18.0,1:31.817,19,1:31.817,99:99,99:99,4.0,20.0,1:31.992,2.257,13.0,18.0,1:31.814,1.74,26.0,18.0,1:31.814,1.74,26.0,Saudi Arabia,0.0,0.0,99:99,0.0,0.0,99:99
NC,Yuki  Tsunoda  TSU,AlphaTauri RBPT,0,999999,0,0.0,99:99:99,99:99,0.0,99.0,99:99:99,19.0,99:99,NC,DNS,99:99,99:99,2.0,10.0,1:30.415,0.68,19.0,10.0,1:30.886,0.812,26.0,10.0,1:30.886,0.812,26.0,Saudi Arabia,0.0,0.0,99:99,0.0,0.0,99:99
NC,Mick  Schumacher  MSC,Haas Ferrari,0,999999,0,0.0,99:99:99,99:99,0.0,99.0,99:99:99,99.0,99:99,14,1:30.167,1:29.920,99:99,13.0,12.0,1:30.765,1.03,17.0,13.0,1:31.169,1.095,27.0,13.0,1:31.169,1.095,27.0,Saudi Arabia,0.0,0.0,99:99,0.0,0.0,99:99
1,Charles  Leclerc  LEC,Ferrari,58,999999,26,58.0,16:30:59,1:20.260,236.74,1.0,17.973,1.0,1:17.868,1,1:18.881,1:18.606,1:17.868,21.0,2.0,1:19.249,0.132,15.0,1.0,1:18.978,999.0,27.0,1.0,1:18.978,999.0,27.0,Australia,0.0,0.0,99:99,0.0,0.0,99:99
2,Sergio  Perez  PER,Red Bull Racing RBPT,58,5874.108,18,58.0,16:31:20,1:21.094,234.305,1.0,17.434,3.0,1:18.240,3,1:18.834,1:18.340,1:18.240,21.0,3.0,1:19.265,0.148,17.0,5.0,1:19.658,0.68,20.0,5.0,1:19.658,0.68,20.0,Australia,0.0,0.0,99:99,0.0,0.0,99:99
3,George  Russell  RUS,Mercedes,58,5879.177,15,53.0,16:24:35,1:21.495,233.152,1.0,18.479,6.0,1:18.933,6,1:19.405,1:19.076,1:18.933,26.0,11.0,1:20.096,0.979,16.0,11.0,1:20.212,1.234,25.0,11.0,1:20.212,1.234,25.0,Australia,0.0,0.0,99:99,0.0,0.0,99:99
4,Lewis  Hamilton  HAM,Mercedes,58,5882.1269999999995,12,51.0,16:21:52,1:21.886,232.039,1.0,17.877,5.0,1:18.825,5,1:19.401,1:19.106,1:18.825,28.0,8.0,1:19.896,0.779,13.0,13.0,1:20.521,1.543,23.0,13.0,1:20.521,1.543,23.0,Australia,0.0,0.0,99:99,0.0,0.0,99:99
5,Lando  Norris  NOR,McLaren Mercedes,58,5906.887,10,55.0,16:27:39,1:22.248,231.018,1.0,17.556,4.0,1:18.703,4,1:19.280,1:19.066,1:18.703,20.0,1.0,1:19.117,999.0,12.0,8.0,1:20.100,1.122,24.0,8.0,1:20.100,1.122,24.0,Australia,0.0,0.0,99:99,0.0,0.0,99:99
6,Daniel  Ricciardo  RIC,McLaren Mercedes,58,5907.321,8,54.0,16:26:22,1:22.451,230.449,1.0,18.15,7.0,1:19.032,7,1:19.665,1:19.130,1:19.032,22.0,6.0,1:19.693,0.576,14.0,10.0,1:20.203,1.225,24.0,10.0,1:20.203,1.225,24.0,Australia,0.0,0.0,99:99,0.0,0.0,99:99
7,Esteban  Ocon  OCO,Alpine Renault,58,5915.267,6,58.0,16:32:01,1:22.469,230.399,1.0,19.128,8.0,1:19.061,8,1:19.605,1:19.136,1:19.061,23.0,13.0,1:20.205,1.088,14.0,6.0,1:19.842,0.864,25.0,6.0,1:19.842,0.864,25.0,Australia,0.0,0.0,99:99,0.0,0.0,99:99
8,Valtteri  Bottas  BOT,Alfa Romeo Ferrari,58,5922.023,4,54.0,16:26:39,1:21.651,232.707,1.0,18.413,12.0,1:19.410,12,1:19.251,1:19.410,99:99,13.0,9.0,1:20.008,0.891,17.0,7.0,1:20.055,1.077,25.0,7.0,1:20.055,1.077,25.0,Australia,0.0,0.0,99:99,0.0,0.0,99:99
9,Pierre  Gasly  GAS,AlphaTauri RBPT,58,5929.805,2,52.0,16:23:54,1:22.731,229.669,1.0,18.926,11.0,1:19.226,11,1:19.580,1:19.226,99:99,19.0,12.0,1:20.133,1.016,14.0,9.0,1:20.142,1.164,27.0,9.0,1:20.142,1.164,27.0,Australia,0.0,0.0,99:99,0.0,0.0,99:99
10,Alexander  Albon  ALB,Williams Mercedes,58,5932.965999999999,1,54.0,16:26:27,1:22.589,230.064,1.0,19.845,20.0,99:99,NC,1:20.135,99:99,99:99,11.0,16.0,1:20.958,1.841,16.0,17.0,1:21.912,2.934,28.0,17.0,1:21.912,2.934,28.0,Australia,0.0,0.0,99:99,0.0,0.0,99:99
11,Zhou  Guanyu  ZHO,Alfa Romeo Ferrari,58,5935.2789999999995,0,55.0,16:28:09,1:22.541,230.198,1.0,18.38,14.0,1:20.155,14,1:19.910,1:20.155,99:99,16.0,15.0,1:20.836,1.719,16.0,15.0,1:21.063,2.085,23.0,15.0,1:21.063,2.085,23.0,Australia,0.0,0.0,99:99,0.0,0.0,99:99
12,Lance  Stroll  STR,Aston Martin Aramco Mercedes,58,5942.182,0,48.0,16:18:20,1:23.592,227.304,3.0,57.204,19.0,99:99,NC,DNF,99:99,99:99,2.0,19.0,1:21.636,2.519,11.0,14.0,1:20.611,1.633,28.0,14.0,1:20.611,1.633,28.0,Australia,0.0,0.0,99:99,0.0,0.0,99:99
13,Mick  Schumacher  MSC,Haas Ferrari,57,11707.168,0,55.0,16:28:14,1:23.006,228.908,1.0,19.039,15.0,1:20.465,15,1:20.104,1:20.465,99:99,19.0,14.0,1:20.692,1.575,17.0,18.0,1:21.974,2.996,22.0,18.0,1:21.974,2.996,22.0,Australia,0.0,0.0,99:99,0.0,0.0,99:99
14,Kevin  Magnussen  MAG,Haas Ferrari,57,11707.168,0,44.0,16:12:51,1:23.071,228.729,1.0,19.111,16.0,1:20.254,16,1:20.254,99:99,99:99,11.0,17.0,1:21.025,1.908,14.0,16.0,1:21.191,2.213,23.0,16.0,1:21.191,2.213,23.0,Australia,0.0,0.0,99:99,0.0,0.0,99:99
15,Yuki  Tsunoda  TSU,AlphaTauri RBPT,57,11707.168,0,56.0,16:29:42,1:23.342,227.985,1.0,18.443,13.0,1:19.424,13,1:19.742,1:19.424,99:99,17.0,10.0,1:20.071,0.954,12.0,12.0,1:20.424,1.446,30.0,12.0,1:20.424,1.446,30.0,Australia,0.0,0.0,99:99,0.0,0.0,99:99
16,Nicholas  Latifi  LAT,Williams Mercedes,57,11707.168,0,49.0,16:19:55,1:23.882,226.518,2.0,36.488,18.0,1:21.372,18,1:21.372,99:99,99:99,8.0,18.0,1:21.050,1.933,14.0,19.0,1:22.307,3.329,24.0,19.0,1:22.307,3.329,24.0,Australia,0.0,0.0,99:99,0.0,0.0,99:99
17,Fernando  Alonso  ALO,Alpine Renault,57,11707.168,0,57.0,16:31:30,1:20.846,235.024,2.0,37.19,10.0,99:99,10,1:19.192,1:18.815,DNF,15.0,4.0,1:19.275,0.158,15.0,4.0,1:19.537,0.559,22.0,4.0,1:19.537,0.559,22.0,Australia,0.0,0.0,99:99,0.0,0.0,99:99
NC,Max  Verstappen  VER,Red Bull Racing RBPT,38,999999,0,37.0,16:01:55,1:21.677,232.633,1.0,18.281,2.0,1:18.154,2,1:18.580,1:18.611,1:18.154,21.0,7.0,1:19.809,0.692,16.0,2.0,1:19.223,0.245,22.0,2.0,1:19.223,0.245,22.0,Australia,0.0,0.0,99:99,0.0,0.0,99:99
NC,Sebastian  Vettel  VET,Aston Martin Aramco Mercedes,22,999999,0,17.0,15:30:47,1:25.189,223.042,99.0,99:99:99,17.0,1:21.149,17,1:21.149,99:99,99:99,3.0,20.0,99:99,999.0,5.0,99.0,99:99,999.0,0.0,99.0,99:99,999.0,0.0,Australia,0.0,0.0,99:99,0.0,0.0,99:99
NC,Carlos  Sainz  SAI,Ferrari,1,999999,0,0.0,99:99:99,99:99,0.0,99.0,99:99:99,9.0,1:19.408,9,1:18.983,1:18.469,1:19.408,22.0,5.0,1:19.419,0.302,17.0,3.0,1:19.376,0.398,27.0,3.0,1:19.376,0.398,27.0,Australia,0.0,0.0,99:99,0.0,0.0,99:99
1,Max  Verstappen  VER,Red Bull Racing RBPT,63,999999,26,55.0,16:24:32,1:18.446,225.281,2.0,59.943,1.0,99:99,1,1:19.295,1:18.793,1:27.999,22.0,0.0,99:99,999.0,0.0,7.0,1:20.371,0.914,36.0,3.0,1:30.867,1.465,21.0,Emilia Romagna,1.0,21.0,1839.567,8.0,1.0,1:27.999
2,Sergio  Perez  PER,Red Bull Racing RBPT,63,5870.111,18,52.0,16:20:46,1:18.949,223.845,2.0,59.993,3.0,99:99,7,1:19.773,1:19.296,1:29.808,25.0,0.0,99:99,999.0,0.0,2.0,1:19.538,0.081,33.0,6.0,1:33.012,3.61,17.0,Emilia Romagna,3.0,21.0,1844.288,6.0,7.0,1:29.808
3,Lando  Norris  NOR,McLaren Mercedes,63,5888.418,15,61.0,16:33:03,1:20.903,218.439,1.0,30.070,5.0,99:99,3,1:20.168,1:19.294,1:29.131,22.0,0.0,99:99,999.0,0.0,18.0,1:23.821,4.364,6.0,14.0,1:35.502,6.1,12.0,Emilia Romagna,5.0,21.0,1864.128,4.0,3.0,1:29.131
4,George  Russell  RUS,Mercedes,63,5896.09,12,57.0,16:27:45,1:20.962,218.28,1.0,31.079,11.0,99:99,11,1:20.383,1:20.757,99:99,16.0,0.0,99:99,999.0,0.0,1.0,1:19.457,999.0,32.0,10.0,1:34.262,4.86,21.0,Emilia Romagna,11.0,21.0,1875.851,0.0,11.0,1:20.757
5,Valtteri  Bottas  BOT,Alfa Romeo Ferrari,63,5896.764999999999,10,43.0,16:08:51,1:20.758,218.831,1.0,40.957,7.0,99:99,8,1:20.419,1:20.192,1:30.439,23.0,0.0,99:99,999.0,0.0,99.0,99:99,999.0,0.0,11.0,1:34.615,5.213,19.0,Emilia Romagna,7.0,21.0,1867.7,2.0,8.0,1:30.439
6,Charles  Leclerc  LEC,Ferrari,63,5909.656,8,63.0,16:36:07,1:18.574,224.914,3.0,1:38.396,2.0,99:99,2,1:18.796,1:19.584,1:28.778,22.0,0.0,99:99,999.0,0.0,3.0,1:19.740,0.283,35.0,1.0,1:29.402,999.0,24.0,Emilia Romagna,2.0,21.0,1842.542,7.0,2.0,1:28.778
7,Yuki  Tsunoda  TSU,AlphaTauri RBPT,63,5914.6939999999995,6,61.0,16:33:29,1:20.544,219.412,1.0,30.372,12.0,99:99,16,1:20.474,99:99,99:99,11.0,0.0,99:99,999.0,0.0,8.0,1:20.381,0.924,35.0,9.0,1:33.611,4.209,18.0,Emilia Romagna,12.0,21.0,1877.865,0.0,16.0,1:20.474
8,Sebastian  Vettel  VET,Aston Martin Aramco Mercedes,63,5924.476,4,47.0,16:14:34,1:21.211,217.61,1.0,30.484,13.0,99:99,9,1:20.364,1:19.957,1:31.062,25.0,0.0,99:99,999.0,0.0,15.0,1:21.155,1.698,38.0,8.0,1:33.365,3.963,22.0,Emilia Romagna,13.0,21.0,1879.744,0.0,9.0,1:31.062
9,Kevin  Magnussen  MAG,Haas Ferrari,63,5928.844,2,61.0,16:33:43,1:21.238,217.538,1.0,33.765,8.0,99:99,4,1:20.147,1:19.902,1:29.164,21.0,0.0,99:99,999.0,0.0,12.0,1:20.740,1.283,30.0,4.0,1:32.439,3.037,23.0,Emilia Romagna,8.0,21.0,1870.279,1.0,4.0,1:29.164
10,Lance  Stroll  STR,Aston Martin Aramco Mercedes,62,11707.168,1,46.0,16:13:27,1:21.750,216.176,1.0,32.667,15.0,99:99,15,1:20.342,1:28.119,99:99,14.0,0.0,99:99,999.0,0.0,14.0,1:21.149,1.692,38.0,16.0,1:36.033,6.631,23.0,Emilia Romagna,15.0,21.0,1882.477,0.0,15.0,1:28.119
11,Alexander  Albon  ALB,Williams Mercedes,62,11707.168,0,61.0,16:34:02,1:21.757,216.157,1.0,30.793,18.0,99:99,NC,DNF,99:99,99:99,3.0,0.0,99:99,999.0,0.0,11.0,1:20.591,1.134,34.0,17.0,1:36.461,7.059,17.0,Emilia Romagna,18.0,21.0,1888.438,0.0,20.0,99:99
12,Pierre  Gasly  GAS,AlphaTauri RBPT,62,11707.168,0,34.0,15:57:05,1:21.713,216.274,1.0,30.405,17.0,99:99,17,1:20.732,99:99,99:99,11.0,0.0,99:99,999.0,0.0,9.0,1:20.439,0.982,37.0,12.0,1:35.104,5.702,19.0,Emilia Romagna,17.0,21.0,1883.361,0.0,17.0,1:20.732
13,Lewis  Hamilton  HAM,Mercedes,62,11707.168,0,50.0,16:19:00,1:21.419,217.054,1.0,32.740,14.0,99:99,13,1:20.470,1:21.138,99:99,15.0,0.0,99:99,999.0,0.0,4.0,1:19.992,0.535,34.0,18.0,1:36.464,7.062,17.0,Emilia Romagna,14.0,21.0,1881.026,0.0,13.0,1:21.138
14,Esteban  Ocon  OCO,Alpine Renault,62,11707.168,0,37.0,16:01:09,1:21.887,215.814,1.0,31.409,16.0,99:99,19,1:22.338,99:99,99:99,9.0,0.0,99:99,999.0,0.0,16.0,1:21.179,1.722,30.0,13.0,1:35.420,6.018,14.0,Emilia Romagna,16.0,21.0,1883.084,0.0,19.0,1:22.338
15,Zhou  Guanyu  ZHO,Alfa Romeo Ferrari,62,11707.168,0,61.0,16:34:13,1:21.286,217.41,1.0,32.203,99.0,99:99,14,1:19.730,1:21.434,99:99,16.0,0.0,99:99,999.0,0.0,10.0,1:20.498,1.041,32.0,19.0,1:37.450,8.048,22.0,Emilia Romagna,99.0,0.0,999999.0,0.0,14.0,1:21.434
16,Nicholas  Latifi  LAT,Williams Mercedes,62,11707.168,0,62.0,16:35:37,1:21.338,217.271,1.0,31.125,19.0,99:99,18,1:21.971,99:99,99:99,13.0,0.0,99:99,999.0,0.0,17.0,1:21.263,1.806,31.0,20.0,1:39.698,10.296,15.0,Emilia Romagna,19.0,21.0,1891.584,0.0,18.0,1:21.971
17,Mick  Schumacher  MSC,Haas Ferrari,62,11707.168,0,55.0,16:26:33,1:18.999,223.704,2.0,1:02.304,10.0,99:99,12,1:20.422,1:20.916,99:99,16.0,0.0,99:99,999.0,0.0,13.0,1:20.977,1.52,29.0,5.0,1:32.988,3.586,23.0,Emilia Romagna,10.0,21.0,1873.34,0.0,12.0,1:20.916
18,Daniel  Ricciardo  RIC,McLaren Mercedes,62,11707.168,0,61.0,16:34:47,1:21.577,216.634,3.0,1:32.939,6.0,99:99,6,1:19.980,1:20.031,1:29.742,21.0,0.0,99:99,999.0,0.0,99.0,99:99,999.0,0.0,15.0,1:35.625,6.223,15.0,Emilia Romagna,6.0,21.0,1867.307,3.0,6.0,1:29.742
NC,Fernando  Alonso  ALO,Alpine Renault,6,999999,0,5.0,15:13:47,1:39.685,177.282,99.0,99:99:99,9.0,99:99,5,1:20.198,1:19.595,1:29.202,26.0,0.0,99:99,999.0,0.0,5.0,1:20.174,0.717,29.0,7.0,1:33.160,3.758,13.0,Emilia Romagna,9.0,21.0,1871.845,0.0,5.0,1:29.202
NC,Carlos  Sainz  SAI,Ferrari,0,999999,0,0.0,99:99:99,99:99,0.0,99.0,99:99:99,4.0,99:99,10,1:19.305,1:18.990,99:99,13.0,0.0,99:99,999.0,0.0,6.0,1:20.258,0.801,31.0,2.0,1:30.279,0.877,25.0,Emilia Romagna,4.0,21.0,1857.145,5.0,10.0,99:99
1,Max  Verstappen  VER,Red Bull Racing RBPT,57,999999,26,54.0,17:03:04,1:31.361,213.255,1.0,18.798,3.0,1:28.991,3.0,1:29.836,1:29.202,1:28.991,18.0,3.0,1:30.649,0.345,20.0,19.0,99:99,999.0,1.0,19.0,99:99,999.0,1.0,Miami,0.0,0.0,99:99,0.0,0.0,99:99
2,Charles  Leclerc  LEC,Ferrari,57,5857.37,18,53.0,17:01:34,1:31.488,212.959,1.0,19.697,1.0,1:28.796,1.0,1:29.474,1:29.130,1:28.796,25.0,2.0,1:30.498,0.194,23.0,2.0,1:30.044,0.106,21.0,2.0,1:30.044,0.106,21.0,Miami,0.0,0.0,99:99,0.0,0.0,99:99
3,Carlos  Sainz  SAI,Ferrari,57,5861.813,15,56.0,17:06:15,1:31.790,212.258,1.0,22.063,2.0,1:28.986,2.0,1:30.079,1:29.729,1:28.986,26.0,7.0,1:31.172,0.868,24.0,11.0,1:30.964,1.026,9.0,11.0,1:30.964,1.026,9.0,Miami,0.0,0.0,99:99,0.0,0.0,99:99
4,Sergio  Perez  PER,Red Bull Racing RBPT,57,5864.222,12,54.0,17:03:13,1:31.819,212.191,2.0,36.952,4.0,1:29.036,4.0,1:30.055,1:29.673,1:29.036,21.0,1.0,1:30.304,999.0,21.0,3.0,1:30.150,0.212,19.0,3.0,1:30.150,0.212,19.0,Miami,0.0,0.0,99:99,0.0,0.0,99:99
5,George  Russell  RUS,Mercedes,57,5872.166,10,56.0,17:06:25,1:32.195,211.325,1.0,19.035,12.0,1:30.173,12.0,1:30.490,1:30.173,99:99,15.0,17.0,1:31.924,1.62,19.0,1.0,1:29.938,999.0,18.0,1.0,1:29.938,999.0,18.0,Miami,0.0,0.0,99:99,0.0,0.0,99:99
6,Lewis  Hamilton  HAM,Mercedes,57,5874.952,8,55.0,17:04:54,1:32.941,209.629,1.0,18.82,6.0,1:29.625,6.0,1:30.388,1:29.797,1:29.625,21.0,15.0,1:31.890,1.586,20.0,4.0,1:30.179,0.241,18.0,4.0,1:30.179,0.241,18.0,Miami,0.0,0.0,99:99,0.0,0.0,99:99
7,Valtteri  Bottas  BOT,Alfa Romeo Ferrari,57,5878.657,6,56.0,17:06:31,1:33.184,209.083,1.0,19.614,5.0,1:29.475,5.0,1:30.845,1:29.751,1:29.475,20.0,14.0,1:31.885,1.581,26.0,99.0,99:99,999.0,0.0,99.0,99:99,999.0,0.0,Miami,0.0,0.0,99:99,0.0,0.0,99:99
8,Esteban  Ocon  OCO,Alpine Renault,57,5881.97,4,56.0,17:06:34,1:33.163,209.13,1.0,19.019,20.0,99:99,,99:99,99:99,99:99,,20.0,99:99,999.0,3.0,9.0,1:30.861,0.923,20.0,9.0,1:30.861,0.923,20.0,Miami,0.0,0.0,99:99,0.0,0.0,99:99
9,Alexander  Albon  ALB,Williams Mercedes,57,5885.949,2,57.0,17:08:12,1:33.447,208.494,1.0,20.059,18.0,1:31.266,18.0,1:31.266,99:99,99:99,10.0,9.0,1:31.501,1.197,14.0,17.0,1:31.710,1.772,21.0,17.0,1:31.710,1.772,21.0,Miami,0.0,0.0,99:99,0.0,0.0,99:99
10,Lance  Stroll  STR,Aston Martin Aramco Mercedes,57,5890.61,1,52.0,17:00:23,1:33.312,208.796,1.0,19.074,10.0,1:30.676,10.0,1:30.441,1:29.996,1:30.676,21.0,12.0,1:31.665,1.361,22.0,16.0,1:31.631,1.693,23.0,16.0,1:31.631,1.693,23.0,Miami,0.0,0.0,99:99,0.0,0.0,99:99
11,Fernando  Alonso  ALO,Alpine Renault,57,5890.7119999999995,0,53.0,17:01:52,1:33.331,208.753,1.0,21.638,11.0,1:30.160,11.0,1:30.407,1:30.160,99:99,14.0,4.0,1:31.036,0.732,18.0,5.0,1:30.372,0.434,20.0,5.0,1:30.372,0.434,20.0,Miami,0.0,0.0,99:99,0.0,0.0,99:99
12,Yuki  Tsunoda  TSU,AlphaTauri RBPT,57,5893.73,0,55.0,17:05:11,1:33.035,209.417,2.0,38.488,9.0,1:29.932,9.0,1:30.485,1:30.031,1:29.932,21.0,11.0,1:31.659,1.355,24.0,13.0,1:31.260,1.322,23.0,13.0,1:31.260,1.322,23.0,Miami,0.0,0.0,99:99,0.0,0.0,99:99
13,Daniel  Ricciardo  RIC,McLaren Mercedes,57,5894.486,0,56.0,17:06:42,1:33.265,208.901,2.0,38.764,14.0,1:30.310,14.0,1:30.583,1:30.310,99:99,15.0,13.0,1:31.728,1.424,19.0,12.0,1:31.208,1.27,23.0,12.0,1:31.208,1.27,23.0,Miami,0.0,0.0,99:99,0.0,0.0,99:99
14,Nicholas  Latifi  LAT,Williams Mercedes,57,5903.5199999999995,0,53.0,17:02:09,1:34.169,206.896,1.0,19.185,19.0,1:31.325,19.0,1:31.325,99:99,99:99,10.0,19.0,1:32.376,2.072,16.0,18.0,1:32.913,2.975,14.0,18.0,1:32.913,2.975,14.0,Miami,0.0,0.0,99:99,0.0,0.0,99:99
15,Mick  Schumacher  MSC,Haas Ferrari,57,5926.889,0,57.0,17:08:53,1:32.528,210.565,2.0,52.794,15.0,1:30.423,15.0,1:30.645,1:30.423,99:99,19.0,6.0,1:31.050,0.746,19.0,15.0,1:31.587,1.649,21.0,15.0,1:31.587,1.649,21.0,Miami,0.0,0.0,99:99,0.0,0.0,99:99
16,Kevin  Magnussen  MAG,Haas Ferrari,56,999999,0,52.0,17:00:23,1:33.511,208.351,2.0,40.433,16.0,1:30.975,16.0,1:30.975,99:99,99:99,11.0,8.0,1:31.227,0.923,20.0,10.0,1:30.921,0.983,19.0,10.0,1:30.921,0.983,19.0,Miami,0.0,0.0,99:99,0.0,0.0,99:99
17,Sebastian  Vettel  VET,Aston Martin Aramco Mercedes,54,999999,0,50.0,16:57:12,1:33.479,208.423,1.0,19.861,13.0,1:30.214,13.0,1:30.677,1:30.214,99:99,15.0,5.0,1:31.049,0.745,24.0,14.0,1:31.393,1.455,23.0,14.0,1:31.393,1.455,23.0,Miami,0.0,0.0,99:99,0.0,0.0,99:99
NC,Pierre  Gasly  GAS,AlphaTauri RBPT,45,999999,0,38.0,16:34:03,1:34.487,206.199,2.0,38.55,7.0,1:29.690,7.0,1:30.779,1:30.128,1:29.690,22.0,16.0,1:31.901,1.597,18.0,7.0,1:30.547,0.609,20.0,7.0,1:30.547,0.609,20.0,Miami,0.0,0.0,99:99,0.0,0.0,99:99
NC,Lando  Norris  NOR,McLaren Mercedes,39,999999,0,37.0,16:32:36,1:33.411,208.575,1.0,19.986,8.0,1:29.750,8.0,1:30.761,1:29.634,1:29.750,22.0,10.0,1:31.594,1.29,18.0,6.0,1:30.535,0.597,20.0,6.0,1:30.535,0.597,20.0,Miami,0.0,0.0,99:99,0.0,0.0,99:99
NC,Zhou  Guanyu  ZHO,Alfa Romeo Ferrari,6,999999,0,4.0,15:39:50,1:35.731,203.52,99.0,99:99:99,17.0,1:31.020,17.0,1:31.020,99:99,99:99,9.0,18.0,1:32.051,1.747,16.0,8.0,1:30.860,0.922,24.0,8.0,1:30.860,0.922,24.0,Miami,0.0,0.0,99:99,0.0,0.0,99:99
1,Max  Verstappen  VER,Red Bull Racing RBPT,66,999999,25,46.0,16:11:38,1:25.456,196.943,3.0,1:06.080,2.0,1:19.073,2,1:20.091,1:19.219,1:19.073,16.0,2.0,1:19.844,0.072,12.0,5.0,1:20.006,0.336,27.0,5.0,1:20.006,0.336,27.0,Spain,0.0,0.0,99:99,0.0,0.0,99:99
2,Sergio  Perez  PER,Red Bull Racing RBPT,66,5866.656,19,55.0,16:25:00,1:24.108,200.099,3.0,1:05.345,5.0,1:19.420,5,1:20.447,1:19.830,1:19.420,17.0,6.0,1:20.260,0.488,19.0,7.0,1:20.632,0.962,30.0,7.0,1:20.632,0.962,30.0,Spain,0.0,0.0,99:99,0.0,0.0,99:99
3,George  Russell  RUS,Mercedes,66,5886.5109999999995,15,53.0,16:22:13,1:24.636,198.851,3.0,1:07.008,4.0,1:19.393,4,1:20.218,1:19.470,1:19.393,14.0,3.0,1:19.920,0.148,16.0,2.0,1:19.787,0.117,27.0,2.0,1:19.787,0.117,27.0,Spain,0.0,0.0,99:99,0.0,0.0,99:99
4,Carlos  Sainz  SAI,Ferrari,66,5898.7919999999995,12,49.0,16:16:37,1:25.985,195.731,3.0,1:06.510,3.0,1:19.166,3,1:19.892,1:19.453,1:19.166,16.0,5.0,1:20.129,0.357,23.0,4.0,1:19.990,0.32,31.0,4.0,1:19.990,0.32,31.0,Spain,0.0,0.0,99:99,0.0,0.0,99:99
5,Lewis  Hamilton  HAM,Mercedes,66,5908.1179999999995,10,51.0,16:19:36,1:24.253,199.755,3.0,1:15.400,6.0,1:19.512,6,1:20.252,1:19.794,1:19.512,15.0,4.0,1:20.002,0.23,18.0,3.0,1:19.874,0.204,26.0,3.0,1:19.874,0.204,26.0,Spain,0.0,0.0,99:99,0.0,0.0,99:99
6,Valtteri  Bottas  BOT,Alfa Romeo Ferrari,66,5913.5599999999995,8,36.0,15:57:19,1:26.395,194.802,2.0,45.528,7.0,1:19.608,7,1:20.355,1:20.053,1:19.608,18.0,9.0,1:20.781,1.009,24.0,16.0,1:21.828,2.158,3.0,16.0,1:21.828,2.158,3.0,Spain,0.0,0.0,99:99,0.0,0.0,99:99
7,Esteban  Ocon  OCO,Alpine Renault,66,5928.981,6,54.0,16:24:23,1:25.935,195.845,3.0,1:07.123,12.0,1:20.638,12,1:20.880,1:20.638,99:99,9.0,10.0,1:20.882,1.11,18.0,9.0,1:20.745,1.075,27.0,9.0,1:20.745,1.075,27.0,Spain,0.0,0.0,99:99,0.0,0.0,99:99
8,Lando  Norris  NOR,McLaren Mercedes,66,5936.8189999999995,4,53.0,16:23:01,1:25.619,196.568,3.0,1:07.422,11.0,1:20.471,11,1:20.838,1:20.471,99:99,12.0,7.0,1:20.403,0.631,18.0,20.0,1:23.388,3.718,6.0,20.0,1:23.388,3.718,6.0,Spain,0.0,0.0,99:99,0.0,0.0,99:99
9,Fernando  Alonso  ALO,Alpine Renault,65,11707.168,2,56.0,16:27:33,1:26.599,194.344,3.0,1:09.696,20.0,1:21.043,17,1:21.043,99:99,99:99,5.0,13.0,1:20.981,1.209,17.0,6.0,1:20.203,0.533,26.0,6.0,1:20.203,0.533,26.0,Spain,0.0,0.0,99:99,0.0,0.0,99:99
10,Yuki  Tsunoda  TSU,AlphaTauri RBPT,65,11707.168,1,59.0,16:31:58,1:26.828,193.831,3.0,1:08.201,13.0,1:20.639,13,1:20.707,1:20.639,99:99,15.0,15.0,1:21.449,1.677,22.0,14.0,1:21.285,1.615,29.0,14.0,1:21.285,1.615,29.0,Spain,0.0,0.0,99:99,0.0,0.0,99:99
11,Sebastian  Vettel  VET,Aston Martin Aramco Mercedes,65,11707.168,0,59.0,16:32:08,1:27.629,192.059,2.0,44.992,16.0,1:20.954,16,1:20.954,99:99,99:99,6.0,12.0,1:20.944,1.172,24.0,8.0,1:20.703,1.033,31.0,8.0,1:20.703,1.033,31.0,Spain,0.0,0.0,99:99,0.0,0.0,99:99
12,Daniel  Ricciardo  RIC,McLaren Mercedes,65,11707.168,0,54.0,16:24:57,1:27.285,192.816,3.0,1:06.677,9.0,1:20.297,9,1:20.549,1:20.287,1:20.297,15.0,11.0,1:20.910,1.138,17.0,15.0,1:21.385,1.715,22.0,15.0,1:21.385,1.715,22.0,Spain,0.0,0.0,99:99,0.0,0.0,99:99
13,Pierre  Gasly  GAS,AlphaTauri RBPT,65,11707.168,0,51.0,16:20:37,1:26.987,193.477,3.0,1:11.793,14.0,1:20.861,14,1:20.719,1:20.861,99:99,15.0,20.0,99:99,999.0,1.0,11.0,1:20.917,1.247,28.0,11.0,1:20.917,1.247,28.0,Spain,0.0,0.0,99:99,0.0,0.0,99:99
14,Mick  Schumacher  MSC,Haas Ferrari,65,11707.168,0,32.0,15:52:03,1:27.447,192.459,2.0,46.709,10.0,1:20.368,10,1:20.683,1:20.436,1:20.368,18.0,19.0,1:25.467,5.695,4.0,10.0,1:20.757,1.087,25.0,10.0,1:20.757,1.087,25.0,Spain,0.0,0.0,99:99,0.0,0.0,99:99
15,Lance  Stroll  STR,Aston Martin Aramco Mercedes,65,11707.168,0,54.0,16:25:24,1:26.876,193.724,3.0,1:10.039,17.0,1:21.418,18,1:21.418,99:99,99:99,6.0,16.0,1:21.520,1.748,23.0,13.0,1:21.249,1.579,32.0,13.0,1:21.249,1.579,32.0,Spain,0.0,0.0,99:99,0.0,0.0,99:99
16,Nicholas  Latifi  LAT,Williams Mercedes,64,17560.752,0,52.0,16:22:48,1:27.246,192.902,3.0,1:08.261,19.0,1:21.915,20,1:21.915,99:99,99:99,9.0,18.0,1:22.419,2.647,18.0,19.0,1:23.197,3.527,25.0,19.0,1:23.197,3.527,25.0,Spain,0.0,0.0,99:99,0.0,0.0,99:99
17,Kevin  Magnussen  MAG,Haas Ferrari,64,17560.752,0,3.0,15:08:50,1:27.537,192.261,2.0,53.510,8.0,1:19.682,8,1:20.227,1:19.810,1:19.682,18.0,8.0,1:20.646,0.874,21.0,12.0,1:21.013,1.343,24.0,12.0,1:21.013,1.343,24.0,Spain,0.0,0.0,99:99,0.0,0.0,99:99
18,Alexander  Albon  ALB,Williams Mercedes,64,17560.752,0,56.0,16:29:28,1:28.281,190.641,4.0,1:32.808,18.0,1:21.645,19,1:21.645,99:99,99:99,6.0,17.0,1:21.572,1.8,18.0,18.0,1:22.319,2.649,31.0,18.0,1:22.319,2.649,31.0,Spain,0.0,0.0,99:99,0.0,0.0,99:99
NC,Zhou  Guanyu  ZHO,Alfa Romeo Ferrari,28,999999,0,12.0,15:21:48,1:28.415,190.352,1.0,23.109,15.0,1:21.094,15,1:20.476,1:21.094,99:99,15.0,14.0,1:21.201,1.429,19.0,17.0,1:21.866,2.196,30.0,17.0,1:21.866,2.196,30.0,Spain,0.0,0.0,99:99,0.0,0.0,99:99
NC,Charles  Leclerc  LEC,Ferrari,27,999999,0,25.0,15:40:18,1:27.030,193.381,1.0,21.794,1.0,1:18.750,1,1:19.861,1:19.969,1:18.750,12.0,1.0,1:19.772,999.0,23.0,1.0,1:19.670,999.0,29.0,1.0,1:19.670,999.0,29.0,Spain,0.0,0.0,99:99,0.0,0.0,99:99
1,Sergio  Perez  PER,Red Bull Racing RBPT,64,999999,25,46.0,17:38:05,1:16.028,158.01,3.0,20:21.007,3.0,1:11.629,3,1:13.004,1:11.954,1:11.629,25.0,1.0,1:12.476,999.0,27.0,3.0,1:13.035,0.379,31.0,3.0,1:13.035,0.379,31.0,Monaco,0.0,0.0,99:99,0.0,0.0,99:99
2,Carlos  Sainz  SAI,Ferrari,64,5854.738,18,47.0,17:39:24,1:16.421,157.197,2.0,19:59.459,2.0,1:11.601,2,1:12.616,1:12.074,1:11.601,25.0,3.0,1:12.846,0.37,28.0,2.0,1:12.700,0.044,32.0,2.0,1:12.700,0.044,32.0,Monaco,0.0,0.0,99:99,0.0,0.0,99:99
3,Max  Verstappen  VER,Red Bull Racing RBPT,64,5855.075,15,47.0,17:39:26,1:16.052,157.96,3.0,20:29.514,4.0,1:11.666,4,1:12.993,1:12.117,1:11.666,25.0,4.0,1:12.881,0.405,29.0,4.0,1:13.103,0.447,33.0,4.0,1:13.103,0.447,33.0,Monaco,0.0,0.0,99:99,0.0,0.0,99:99
4,Charles  Leclerc  LEC,Ferrari,64,5856.505999999999,12,46.0,17:38:11,1:16.249,157.552,3.0,20:30.566,1.0,1:11.376,1,1:12.569,1:11.864,1:11.376,24.0,2.0,1:12.517,0.041,29.0,1.0,1:12.656,999.0,30.0,1.0,1:12.656,999.0,30.0,Monaco,0.0,0.0,99:99,0.0,0.0,99:99
5,George  Russell  RUS,Mercedes,64,5865.552,10,42.0,17:33:07,1:16.830,156.36,2.0,20:02.897,6.0,1:12.112,6,1:12.787,1:12.617,1:12.112,27.0,9.0,1:13.476,1.0,26.0,6.0,1:13.406,0.75,31.0,6.0,1:13.406,0.75,31.0,Monaco,0.0,0.0,99:99,0.0,0.0,99:99
6,Lando  Norris  NOR,McLaren Mercedes,64,5865.815,9,55.0,17:50:21,1:14.693,160.834,4.0,20:57.268,5.0,1:11.849,5,1:12.927,1:12.266,1:11.849,27.0,6.0,1:13.226,0.75,19.0,5.0,1:13.294,0.638,24.0,5.0,1:13.294,0.638,24.0,Monaco,0.0,0.0,99:99,0.0,0.0,99:99
7,Fernando  Alonso  ALO,Alpine Renault,64,5899.942,6,50.0,17:44:03,1:15.882,158.314,2.0,20:06.584,7.0,1:12.247,7,1:13.394,1:12.688,1:12.247,22.0,10.0,1:13.585,1.109,23.0,8.0,1:13.912,1.256,31.0,8.0,1:13.912,1.256,31.0,Monaco,0.0,0.0,99:99,0.0,0.0,99:99
8,Lewis  Hamilton  HAM,Mercedes,64,5903.972,4,51.0,17:45:23,1:17.203,155.605,3.0,20:35.584,8.0,1:12.560,8,1:13.444,1:12.595,1:12.560,29.0,7.0,1:13.375,0.899,26.0,12.0,1:14.267,1.611,29.0,12.0,1:14.267,1.611,29.0,Monaco,0.0,0.0,99:99,0.0,0.0,99:99
9,Valtteri  Bottas  BOT,Alfa Romeo Ferrari,64,5906.1089999999995,2,57.0,17:53:15,1:17.600,154.809,2.0,20:12.564,12.0,1:12.909,12,1:13.541,1:12.909,99:99,17.0,14.0,1:13.849,1.373,25.0,13.0,1:14.468,1.812,28.0,13.0,1:14.468,1.812,28.0,Monaco,0.0,0.0,99:99,0.0,0.0,99:99
10,Sebastian  Vettel  VET,Aston Martin Aramco Mercedes,64,5907.12,1,54.0,17:49:23,1:17.558,154.893,3.0,20:19.593,9.0,1:12.732,9,1:13.313,1:12.613,1:12.732,28.0,13.0,1:13.838,1.362,28.0,9.0,1:14.059,1.403,32.0,9.0,1:14.059,1.403,32.0,Monaco,0.0,0.0,99:99,0.0,0.0,99:99
11,Pierre  Gasly  GAS,AlphaTauri RBPT,64,5907.873,0,61.0,17:58:30,1:17.344,155.321,3.0,20:33.716,17.0,1:13.660,17,1:13.660,99:99,99:99,10.0,5.0,1:13.210,0.734,22.0,7.0,1:13.636,0.98,32.0,7.0,1:13.636,0.98,32.0,Monaco,0.0,0.0,99:99,0.0,0.0,99:99
12,Esteban  Ocon  OCO,Alpine Renault,64,5909.228,0,50.0,17:44:08,1:17.571,154.867,2.0,20:11.360,10.0,1:13.047,10,1:12.848,1:12.528,1:13.047,22.0,17.0,1:14.260,1.784,22.0,18.0,1:15.216,2.56,34.0,18.0,1:15.216,2.56,34.0,Monaco,0.0,0.0,99:99,0.0,0.0,99:99
13,Daniel  Ricciardo  RIC,McLaren Mercedes,64,5911.219,0,59.0,17:55:57,1:17.532,154.945,2.0,19:54.729,14.0,1:12.964,14,1:13.338,1:12.964,99:99,21.0,16.0,1:14.104,1.628,29.0,20.0,99:99,999.0,2.0,20.0,99:99,999.0,2.0,Monaco,0.0,0.0,99:99,0.0,0.0,99:99
14,Lance  Stroll  STR,Aston Martin Aramco Mercedes,64,5914.3859999999995,0,56.0,17:52:05,1:17.672,154.665,4.0,21:00.096,18.0,1:13.678,18,1:13.678,99:99,99:99,11.0,18.0,1:14.639,2.163,20.0,16.0,1:14.623,1.967,29.0,16.0,1:14.623,1.967,29.0,Monaco,0.0,0.0,99:99,0.0,0.0,99:99
15,Nicholas  Latifi  LAT,Williams Mercedes,63,11707.168,0,43.0,17:35:05,1:18.579,152.88,4.0,21:21.873,19.0,1:14.403,19,1:14.403,99:99,99:99,13.0,20.0,1:14.910,2.434,26.0,19.0,1:16.276,3.62,33.0,19.0,1:16.276,3.62,33.0,Monaco,0.0,0.0,99:99,0.0,0.0,99:99
16,Zhou  Guanyu  ZHO,Alfa Romeo Ferrari,63,11707.168,0,52.0,17:47:01,1:18.200,153.621,2.0,19:59.829,20.0,1:15.606,20,1:15.606,99:99,99:99,9.0,19.0,1:14.861,2.385,25.0,15.0,1:14.525,1.869,23.0,15.0,1:14.525,1.869,23.0,Monaco,0.0,0.0,99:99,0.0,0.0,99:99
17,Yuki  Tsunoda  TSU,AlphaTauri RBPT,63,11707.168,0,61.0,17:59:29,1:15.334,159.465,4.0,20:50.799,11.0,1:12.797,11,1:13.110,1:12.797,99:99,20.0,11.0,1:13.645,1.169,25.0,10.0,1:14.134,1.478,27.0,10.0,1:14.134,1.478,27.0,Monaco,0.0,0.0,99:99,0.0,0.0,99:99
NC,Alexander  Albon  ALB,Williams Mercedes,48,999999,0,40.0,17:31:11,1:18.023,153.969,3.0,20:44.425,16.0,1:13.611,16,1:13.611,99:99,99:99,14.0,15.0,1:13.882,1.406,22.0,14.0,1:14.486,1.83,33.0,14.0,1:14.486,1.83,33.0,Monaco,0.0,0.0,99:99,0.0,0.0,99:99
NC,Mick  Schumacher  MSC,Haas Ferrari,24,999999,0,24.0,16:46:27,1:24.778,141.701,2.0,1:04.491,15.0,1:13.081,15,1:13.469,1:13.081,99:99,17.0,12.0,1:13.827,1.351,26.0,17.0,1:14.894,2.238,33.0,17.0,1:14.894,2.238,33.0,Monaco,0.0,0.0,99:99,0.0,0.0,99:99
NC,Kevin  Magnussen  MAG,Haas Ferrari,19,999999,0,18.0,16:36:37,1:33.754,128.135,99.0,99:99:99,13.0,1:12.921,13,1:13.069,1:12.921,99:99,20.0,8.0,1:13.436,0.96,24.0,11.0,1:14.239,1.583,32.0,11.0,1:14.239,1.583,32.0,Monaco,0.0,0.0,99:99,0.0,0.0,99:99
1,Max  Verstappen  VER,Red Bull Racing RBPT,51,999999,25,50.0,16:36:14,1:46.050,203.779,2.0,42.190,3.0,1:41.706,3,1:42.722,1:42.227,1:41.706,19.0,3.0,1:43.449,0.279,14.0,3.0,1:43.580,0.356,18.0,3.0,1:43.580,0.356,18.0,Azerbaijan,0.0,0.0,99:99,0.0,0.0,99:99
2,Sergio  Perez  PER,Red Bull Racing RBPT,51,5874.407,19,36.0,16:11:32,1:46.046,203.787,2.0,45.728,2.0,1:41.641,2,1:42.733,1:41.955,1:41.641,18.0,1.0,1:43.170,999.0,18.0,2.0,1:43.472,0.248,22.0,2.0,1:43.472,0.248,22.0,Azerbaijan,0.0,0.0,99:99,0.0,0.0,99:99
3,George  Russell  RUS,Mercedes,51,5899.579,15,42.0,16:22:38,1:47.177,201.636,2.0,41.065,5.0,1:42.712,5,1:43.754,1:43.281,1:42.712,23.0,8.0,1:44.573,1.403,17.0,7.0,1:44.548,1.324,26.0,7.0,1:44.548,1.324,26.0,Azerbaijan,0.0,0.0,99:99,0.0,0.0,99:99
4,Lewis  Hamilton  HAM,Mercedes,51,5925.263,12,39.0,16:17:36,1:47.044,201.887,2.0,42.301,7.0,1:42.924,7,1:43.939,1:43.182,1:42.924,22.0,12.0,1:44.845,1.675,19.0,12.0,1:44.874,1.65,25.0,12.0,1:44.874,1.65,25.0,Azerbaijan,0.0,0.0,99:99,0.0,0.0,99:99
5,Pierre  Gasly  GAS,AlphaTauri RBPT,51,5930.883,10,39.0,16:17:30,1:48.519,199.143,1.0,22.698,6.0,1:42.845,6,1:43.268,1:43.129,1:42.845,23.0,7.0,1:44.491,1.321,21.0,6.0,1:44.315,1.091,26.0,6.0,1:44.315,1.091,26.0,Azerbaijan,0.0,0.0,99:99,0.0,0.0,99:99
6,Sebastian  Vettel  VET,Aston Martin Aramco Mercedes,51,5937.683,8,41.0,16:21:19,1:48.206,199.719,1.0,20.249,9.0,1:43.091,9,1:43.279,1:43.268,1:43.091,18.0,10.0,1:44.689,1.519,18.0,11.0,1:44.781,1.557,27.0,11.0,1:44.781,1.557,27.0,Azerbaijan,0.0,0.0,99:99,0.0,0.0,99:99
7,Fernando  Alonso  ALO,Alpine Renault,51,5942.18,6,49.0,16:35:53,1:47.989,200.12,1.0,20.571,10.0,1:43.173,10,1:44.083,1:43.360,1:43.173,20.0,11.0,1:44.842,1.672,14.0,4.0,1:44.142,0.918,22.0,4.0,1:44.142,0.918,22.0,Azerbaijan,0.0,0.0,99:99,0.0,0.0,99:99
8,Daniel  Ricciardo  RIC,McLaren Mercedes,51,5945.791,4,44.0,16:26:53,1:48.276,199.589,1.0,21.794,12.0,1:43.574,12,1:44.437,1:43.574,99:99,17.0,6.0,1:44.476,1.306,19.0,14.0,1:45.059,1.835,25.0,14.0,1:45.059,1.835,25.0,Azerbaijan,0.0,0.0,99:99,0.0,0.0,99:99
9,Lando  Norris  NOR,McLaren Mercedes,51,5946.139999999999,2,37.0,16:14:17,1:47.997,200.105,1.0,21.443,11.0,1:43.398,11,1:44.237,1:43.398,99:99,16.0,5.0,1:44.418,1.248,13.0,10.0,1:44.771,1.547,23.0,10.0,1:44.771,1.547,23.0,Azerbaijan,0.0,0.0,99:99,0.0,0.0,99:99
10,Esteban  Ocon  OCO,Alpine Renault,51,5961.768,1,36.0,16:12:38,1:48.297,199.551,1.0,22.638,13.0,1:43.585,13,1:43.903,1:43.585,99:99,13.0,9.0,1:44.685,1.515,15.0,9.0,1:44.609,1.385,24.0,9.0,1:44.609,1.385,24.0,Azerbaijan,0.0,0.0,99:99,0.0,0.0,99:99
11,Valtteri  Bottas  BOT,Alfa Romeo Ferrari,50,11707.168,0,42.0,16:23:38,1:48.179,199.768,1.0,20.979,15.0,1:44.444,15,1:44.478,1:44.444,99:99,13.0,19.0,1:45.574,2.404,17.0,15.0,1:45.115,1.891,25.0,15.0,1:45.115,1.891,25.0,Azerbaijan,0.0,0.0,99:99,0.0,0.0,99:99
12,Alexander  Albon  ALB,Williams Mercedes,50,11707.168,0,48.0,16:34:33,1:47.966,200.163,2.0,47.117,17.0,1:44.719,17,1:44.719,99:99,99:99,9.0,17.0,1:45.479,2.309,17.0,18.0,1:46.397,3.173,13.0,18.0,1:46.397,3.173,13.0,Azerbaijan,0.0,0.0,99:99,0.0,0.0,99:99
13,Yuki  Tsunoda  TSU,AlphaTauri RBPT,50,11707.168,0,42.0,16:23:46,1:47.523,200.987,2.0,1:04.583,8.0,1:43.056,8,1:43.595,1:43.376,1:43.056,22.0,16.0,1:44.964,1.794,20.0,8.0,1:44.567,1.343,24.0,8.0,1:44.567,1.343,24.0,Azerbaijan,0.0,0.0,99:99,0.0,0.0,99:99
14,Mick  Schumacher  MSC,Haas Ferrari,50,11707.168,0,40.0,16:20:36,1:48.410,199.343,2.0,49.204,20.0,1:45.775,20,1:45.775,99:99,99:99,9.0,18.0,1:45.532,2.362,19.0,19.0,1:46.425,3.201,21.0,19.0,1:46.425,3.201,21.0,Azerbaijan,0.0,0.0,99:99,0.0,0.0,99:99
15,Nicholas  Latifi  LAT,Williams Mercedes,50,11707.168,0,37.0,16:15:36,1:49.583,197.209,2.0,51.464,18.0,1:45.367,18,1:45.367,99:99,99:99,8.0,20.0,1:46.070,2.9,17.0,20.0,1:47.218,3.994,26.0,20.0,1:47.218,3.994,26.0,Azerbaijan,0.0,0.0,99:99,0.0,0.0,99:99
16,Lance  Stroll  STR,Aston Martin Aramco Mercedes,46,999999,0,38.0,16:16:33,1:48.038,200.029,1.0,22.059,19.0,1:45.371,19,1:45.371,99:99,99:99,7.0,13.0,1:44.879,1.709,17.0,13.0,1:44.874,1.65,26.0,13.0,1:44.874,1.65,26.0,Azerbaijan,0.0,0.0,99:99,0.0,0.0,99:99
NC,Kevin  Magnussen  MAG,Haas Ferrari,31,999999,0,12.0,15:27:09,1:48.789,198.648,1.0,21.555,16.0,1:44.643,16,1:44.643,99:99,99:99,9.0,15.0,1:44.919,1.749,17.0,17.0,1:45.588,2.364,26.0,17.0,1:45.588,2.364,26.0,Azerbaijan,0.0,0.0,99:99,0.0,0.0,99:99
NC,Zhou  Guanyu  ZHO,Alfa Romeo Ferrari,23,999999,0,12.0,15:27:08,1:48.723,198.769,1.0,23.001,14.0,1:43.790,14,1:43.777,1:43.790,99:99,13.0,14.0,1:44.913,1.743,18.0,16.0,1:45.264,2.04,24.0,16.0,1:45.264,2.04,24.0,Azerbaijan,0.0,0.0,99:99,0.0,0.0,99:99
NC,Charles  Leclerc  LEC,Ferrari,21,999999,0,13.0,15:28:21,1:47.531,200.972,1.0,23.212,1.0,1:41.359,1,1:42.865,1:42.046,1:41.359,19.0,2.0,1:43.240,0.07,19.0,1.0,1:43.224,999.0,24.0,1.0,1:43.224,999.0,24.0,Azerbaijan,0.0,0.0,99:99,0.0,0.0,99:99
NC,Carlos  Sainz  SAI,Ferrari,8,999999,0,3.0,15:09:29,1:48.978,198.304,99.0,99:99:99,4.0,1:41.814,4,1:42.957,1:42.088,1:41.814,19.0,4.0,1:43.596,0.426,19.0,5.0,1:44.274,1.05,25.0,5.0,1:44.274,1.05,25.0,Azerbaijan,0.0,0.0,99:99,0.0,0.0,99:99
1,Max  Verstappen  VER,Red Bull Racing RBPT,70,999999,25,64.0,15:31:59,1:15.839,207.012,2.0,47.921,1.0,1:21.299,1,1:32.219,1:23.746,1:21.299,30.0,9.0,1:34.616,0.78,10.0,1.0,1:14.127,999.0,33.0,1.0,1:14.127,999.0,33.0,Canada,0.0,0.0,99:99,0.0,0.0,99:99
2,Carlos  Sainz  SAI,Ferrari,70,5854.577,19,63.0,15:30:43,1:15.749,207.258,2.0,49.096,3.0,1:22.096,3,1:32.781,1:25.197,1:22.096,29.0,10.0,1:34.778,0.942,18.0,3.0,1:14.352,0.225,32.0,3.0,1:14.352,0.225,32.0,Canada,0.0,0.0,99:99,0.0,0.0,99:99
3,Lewis  Hamilton  HAM,Mercedes,70,5860.59,15,69.0,15:38:25,1:16.167,206.12,2.0,47.686,4.0,1:22.891,4,1:33.841,1:25.543,1:22.891,31.0,15.0,1:35.692,1.856,12.0,13.0,1:15.421,1.294,25.0,13.0,1:15.421,1.294,25.0,Canada,0.0,0.0,99:99,0.0,0.0,99:99
4,George  Russell  RUS,Mercedes,70,5865.897,12,63.0,15:30:51,1:16.418,205.443,2.0,48.020,8.0,1:23.557,8,1:33.160,1:24.950,1:23.557,30.0,7.0,1:34.259,0.423,11.0,7.0,1:14.971,0.844,31.0,7.0,1:14.971,0.844,31.0,Canada,0.0,0.0,99:99,0.0,0.0,99:99
5,Charles  Leclerc  LEC,Ferrari,70,5868.7519999999995,10,62.0,15:29:37,1:15.901,206.843,1.0,26.199,19.0,99:99,15,1:33.008,99:99,99:99,10.0,20.0,99:99,999.0,5.0,2.0,1:14.208,0.081,32.0,2.0,1:14.208,0.081,32.0,Canada,0.0,0.0,99:99,0.0,0.0,99:99
6,Esteban  Ocon  OCO,Alpine Renault,70,5877.474,8,62.0,15:29:40,1:17.110,203.6,2.0,49.629,7.0,1:23.529,7,1:33.012,1:26.135,1:23.529,30.0,4.0,1:34.003,0.167,16.0,10.0,1:15.119,0.992,32.0,10.0,1:15.119,0.992,32.0,Canada,0.0,0.0,99:99,0.0,0.0,99:99
7,Valtteri  Bottas  BOT,Alfa Romeo Ferrari,70,5878.831,6,60.0,15:27:06,1:16.927,204.084,1.0,26.089,11.0,1:26.788,11,1:33.689,1:26.788,99:99,21.0,11.0,1:35.016,1.18,15.0,20.0,99:99,999.0,3.0,20.0,99:99,999.0,3.0,Canada,0.0,0.0,99:99,0.0,0.0,99:99
8,Zhou  Guanyu  ZHO,Alfa Romeo Ferrari,70,5880.536,4,63.0,15:30:59,1:16.578,205.014,2.0,48.261,10.0,1:24.030,10,1:33.692,1:26.116,1:24.030,31.0,12.0,1:35.213,1.377,15.0,16.0,1:15.526,1.399,31.0,16.0,1:15.526,1.399,31.0,Canada,0.0,0.0,99:99,0.0,0.0,99:99
9,Fernando  Alonso  ALO,Alpine Renault,70,5883.5289999999995,2,64.0,15:32:15,1:17.010,203.864,2.0,48.918,2.0,1:21.944,2,1:32.277,1:24.848,1:21.944,29.0,1.0,1:33.836,999.0,15.0,5.0,1:14.543,0.416,24.0,5.0,1:14.543,0.416,24.0,Canada,0.0,0.0,99:99,0.0,0.0,99:99
10,Lance  Stroll  STR,Aston Martin Aramco Mercedes,70,5891.806,1,64.0,15:32:25,1:17.421,202.782,1.0,25.252,17.0,1:35.532,18,1:35.532,99:99,99:99,11.0,13.0,1:35.531,1.695,23.0,12.0,1:15.396,1.269,34.0,12.0,1:15.396,1.269,34.0,Canada,0.0,0.0,99:99,0.0,0.0,99:99
11,Daniel  Ricciardo  RIC,McLaren Mercedes,70,5896.630999999999,0,59.0,15:25:55,1:17.932,201.452,2.0,52.770,9.0,1:23.749,9,1:33.636,1:26.375,1:23.749,30.0,5.0,1:34.110,0.274,14.0,9.0,1:15.033,0.906,31.0,9.0,1:15.033,0.906,31.0,Canada,0.0,0.0,99:99,0.0,0.0,99:99
12,Sebastian  Vettel  VET,Aston Martin Aramco Mercedes,70,5897.829,0,63.0,15:31:10,1:17.956,201.39,2.0,47.087,16.0,1:34.512,17,1:34.512,99:99,99:99,12.0,3.0,1:33.891,0.055,18.0,4.0,1:14.442,0.315,35.0,4.0,1:14.442,0.315,35.0,Canada,0.0,0.0,99:99,0.0,0.0,99:99
13,Alexander  Albon  ALB,Williams Mercedes,70,5898.477,0,59.0,15:25:59,1:17.951,201.403,2.0,47.334,12.0,1:26.858,12,1:34.047,1:26.858,99:99,21.0,16.0,1:35.761,1.925,17.0,18.0,1:16.171,2.044,30.0,18.0,1:16.171,2.044,30.0,Canada,0.0,0.0,99:99,0.0,0.0,99:99
14,Pierre  Gasly  GAS,AlphaTauri RBPT,70,5898.767,0,60.0,15:27:17,1:17.810,201.768,2.0,47.170,15.0,1:34.492,16,1:34.492,99:99,99:99,11.0,2.0,1:33.889,0.053,18.0,6.0,1:14.879,0.752,34.0,6.0,1:14.879,0.752,34.0,Canada,0.0,0.0,99:99,0.0,0.0,99:99
15,Lando  Norris  NOR,McLaren Mercedes,70,5905.729,0,63.0,15:31:13,1:17.495,202.588,2.0,1:07.166,14.0,99:99,14,1:34.066,DNF,99:99,15.0,6.0,1:34.248,0.412,13.0,8.0,1:14.987,0.86,30.0,8.0,1:14.987,0.86,30.0,Canada,0.0,0.0,99:99,0.0,0.0,99:99
16,Nicholas  Latifi  LAT,Williams Mercedes,70,5913.562,0,61.0,15:28:42,1:18.540,199.893,2.0,54.054,18.0,1:35.660,19,1:35.660,99:99,99:99,11.0,19.0,1:38.394,4.558,11.0,19.0,1:16.509,2.382,27.0,19.0,1:16.509,2.382,27.0,Canada,0.0,0.0,99:99,0.0,0.0,99:99
17,Kevin  Magnussen  MAG,Haas Ferrari,70,5921.764,0,11.0,14:19:19,1:18.046,201.158,1.0,38.262,5.0,1:22.960,5,1:32.957,1:26.254,1:22.960,31.0,14.0,1:35.643,1.807,17.0,14.0,1:15.499,1.372,34.0,14.0,1:15.499,1.372,34.0,Canada,0.0,0.0,99:99,0.0,0.0,99:99
NC,Yuki  Tsunoda  TSU,AlphaTauri RBPT,47,999999,0,15.0,14:24:22,1:18.309,200.482,2.0,46.698,20.0,1:36.575,20,1:36.575,99:99,99:99,4.0,17.0,1:36.261,2.425,27.0,17.0,1:15.567,1.44,37.0,17.0,1:15.567,1.44,37.0,Canada,0.0,0.0,99:99,0.0,0.0,99:99
NC,Mick  Schumacher  MSC,Haas Ferrari,18,999999,0,13.0,14:21:28,1:18.967,198.812,99.0,99:99:99,6.0,1:23.356,6,1:33.707,1:25.684,1:23.356,31.0,18.0,1:37.388,3.552,18.0,15.0,1:15.516,1.389,35.0,15.0,1:15.516,1.389,35.0,Canada,0.0,0.0,99:99,0.0,0.0,99:99
NC,Sergio  Perez  PER,Red Bull Racing RBPT,7,999999,0,7.0,14:12:43,1:18.844,199.122,99.0,99:99:99,13.0,1:33.127,13,1:33.929,1:33.127,99:99,14.0,8.0,1:34.498,0.662,10.0,11.0,1:15.167,1.04,29.0,11.0,1:15.167,1.04,29.0,Canada,0.0,0.0,99:99,0.0,0.0,99:99
1,Carlos  Sainz  SAI,Ferrari,52,999999,25,44.0,17:08:55,1:30.813,233.53,3.0,51:28.761,1.0,1:40.983,1,1:40.190,1:41.602,1:40.983,26.0,6.0,1:28.689,0.788,21.0,1.0,1:28.942,999.0,28.0,1.0,1:28.942,999.0,28.0,Great Britain,0.0,0.0,99:99,0.0,0.0,99:99
2,Sergio  Perez  PER,Red Bull Racing RBPT,52,5857.363,18,47.0,17:13:33,1:30.937,233.212,3.0,51:40.229,4.0,1:41.616,4,1:40.521,1:42.513,1:41.616,26.0,2.0,1:28.311,0.41,21.0,7.0,1:29.753,0.811,17.0,7.0,1:29.753,0.811,17.0,Great Britain,0.0,0.0,99:99,0.0,0.0,99:99
3,Lewis  Hamilton  HAM,Mercedes,52,5859.809,16,52.0,17:21:12,1:30.510,234.312,3.0,51:45.721,5.0,1:41.995,5,1:40.428,1:41.062,1:41.995,23.0,5.0,1:28.488,0.587,24.0,2.0,1:29.105,0.163,21.0,2.0,1:29.105,0.163,21.0,Great Britain,0.0,0.0,99:99,0.0,0.0,99:99
4,Charles  Leclerc  LEC,Ferrari,52,5862.13,12,52.0,17:21:14,1:31.282,232.33,2.0,51:05.165,3.0,1:41.298,3,1:39.846,1:41.247,1:41.298,26.0,3.0,1:28.348,0.447,21.0,5.0,1:29.404,0.462,25.0,5.0,1:29.404,0.462,25.0,Great Britain,0.0,0.0,99:99,0.0,0.0,99:99
5,Fernando  Alonso  ALO,Alpine Renault,52,5863.155,10,47.0,17:13:35,1:31.609,231.501,3.0,51:53.274,7.0,1:42.116,7,1:41.598,1:42.209,1:42.116,23.0,10.0,1:29.520,1.619,20.0,6.0,1:29.695,0.753,19.0,6.0,1:29.695,0.753,19.0,Great Britain,0.0,0.0,99:99,0.0,0.0,99:99
6,Lando  Norris  NOR,McLaren Mercedes,52,5865.527,8,47.0,17:13:36,1:31.645,231.41,3.0,51:40.821,6.0,1:42.084,6,1:41.515,1:41.821,1:42.084,26.0,7.0,1:29.102,1.201,20.0,3.0,1:29.118,0.176,29.0,3.0,1:29.118,0.176,29.0,Great Britain,0.0,0.0,99:99,0.0,0.0,99:99
7,Max  Verstappen  VER,Red Bull Racing RBPT,52,5872.361,6,44.0,17:09:02,1:32.354,229.633,4.0,52:04.723,2.0,1:41.055,2,1:39.129,1:40.655,1:41.055,24.0,1.0,1:27.901,999.0,18.0,4.0,1:29.149,0.207,18.0,4.0,1:29.149,0.207,18.0,Great Britain,0.0,0.0,99:99,0.0,0.0,99:99
8,Mick  Schumacher  MSC,Haas Ferrari,52,5872.579,4,48.0,17:15:13,1:32.109,230.244,3.0,52:05.153,19.0,1:42.708,19,1:42.708,99:99,99:99,11.0,9.0,1:29.510,1.609,21.0,19.0,1:30.609,1.667,29.0,19.0,1:30.609,1.667,29.0,Great Britain,0.0,0.0,99:99,0.0,0.0,99:99
9,Sebastian  Vettel  VET,Aston Martin Aramco Mercedes,52,5875.94,2,52.0,17:21:28,1:32.471,229.343,3.0,52:05.687,18.0,1:42.666,18,1:42.666,99:99,99:99,9.0,12.0,1:29.593,1.692,25.0,12.0,1:30.057,1.115,20.0,12.0,1:30.057,1.115,20.0,Great Britain,0.0,0.0,99:99,0.0,0.0,99:99
10,Kevin  Magnussen  MAG,Haas Ferrari,52,5878.174,1,52.0,17:21:30,1:32.661,228.872,2.0,51:33.086,17.0,1:42.159,17,1:42.159,99:99,99:99,11.0,20.0,1:30.523,2.622,19.0,17.0,1:30.480,1.538,27.0,17.0,1:30.480,1.538,27.0,Great Britain,0.0,0.0,99:99,0.0,0.0,99:99
11,Lance  Stroll  STR,Aston Martin Aramco Mercedes,52,5879.731,0,52.0,17:21:32,1:32.379,229.571,3.0,52:07.429,20.0,1:43.430,20,1:43.430,99:99,99:99,10.0,16.0,1:29.892,1.991,26.0,10.0,1:29.942,1.0,17.0,10.0,1:29.942,1.0,17.0,Great Britain,0.0,0.0,99:99,0.0,0.0,99:99
12,Nicholas  Latifi  LAT,Williams Mercedes,52,5886.095,0,48.0,17:15:20,1:33.286,227.339,3.0,51:49.171,10.0,2:03.095,10,1:41.998,1:43.273,2:03.095,24.0,19.0,1:30.489,2.588,16.0,20.0,1:31.326,2.384,27.0,20.0,1:31.326,2.384,27.0,Great Britain,0.0,0.0,99:99,0.0,0.0,99:99
13,Daniel  Ricciardo  RIC,McLaren Mercedes,52,5886.401,0,34.0,16:51:26,1:32.644,228.914,4.0,52:33.520,14.0,1:44.355,14,1:41.933,1:44.355,99:99,18.0,18.0,1:30.293,2.392,21.0,9.0,1:29.902,0.96,26.0,9.0,1:29.902,0.96,26.0,Great Britain,0.0,0.0,99:99,0.0,0.0,99:99
14,Yuki  Tsunoda  TSU,AlphaTauri RBPT,52,5894.494,0,51.0,17:20:13,1:33.832,226.016,3.0,51:16.068,13.0,1:44.311,13,1:41.893,1:44.311,99:99,19.0,17.0,1:30.039,2.138,22.0,16.0,1:30.338,1.396,29.0,16.0,1:30.338,1.396,29.0,Great Britain,0.0,0.0,99:99,0.0,0.0,99:99
NC,Esteban  Ocon  OCO,Alpine Renault,37,999999,0,37.0,16:55:37,1:33.537,226.729,2.0,49:41.102,15.0,1:45.190,15,1:41.730,1:45.190,99:99,17.0,11.0,1:29.552,1.651,24.0,13.0,1:30.238,1.296,12.0,13.0,1:30.238,1.296,12.0,Great Britain,0.0,0.0,99:99,0.0,0.0,99:99
NC,Pierre  Gasly  GAS,AlphaTauri RBPT,26,999999,0,18.0,16:25:51,1:34.614,224.148,2.0,51:18.582,11.0,1:43.702,11,1:41.680,1:43.702,99:99,19.0,15.0,1:29.885,1.984,23.0,18.0,1:30.510,1.568,28.0,18.0,1:30.510,1.568,28.0,Great Britain,0.0,0.0,99:99,0.0,0.0,99:99
NC,Valtteri  Bottas  BOT,Alfa Romeo Ferrari,20,999999,0,19.0,16:26:59,1:35.103,222.996,1.0,50:55.732,12.0,1:44.232,12,1:41.396,1:44.232,99:99,20.0,8.0,1:29.185,1.284,20.0,11.0,1:30.000,1.058,29.0,11.0,1:30.000,1.058,29.0,Great Britain,0.0,0.0,99:99,0.0,0.0,99:99
NC,George  Russell  RUS,Mercedes,0,999999,0,0.0,99:99:99,99:99,0.0,99.0,99:99:99,8.0,1:42.161,8,1:40.028,1:41.725,1:42.161,23.0,4.0,1:28.426,0.525,21.0,8.0,1:29.799,0.857,29.0,8.0,1:29.799,0.857,29.0,Great Britain,0.0,0.0,99:99,0.0,0.0,99:99
NC,Zhou  Guanyu  ZHO,Alfa Romeo Ferrari,0,999999,0,0.0,99:99:99,99:99,0.0,99.0,99:99:99,9.0,1:42.719,9,1:40.791,1:42.640,1:42.719,28.0,13.0,1:29.752,1.851,17.0,15.0,1:30.271,1.329,27.0,15.0,1:30.271,1.329,27.0,Great Britain,0.0,0.0,99:99,0.0,0.0,99:99
NC,Alexander  Albon  ALB,Williams Mercedes,0,999999,0,0.0,99:99:99,99:99,0.0,99.0,99:99:99,16.0,1:42.078,16,1:42.078,99:99,99:99,11.0,14.0,1:29.780,1.879,22.0,14.0,1:30.263,1.321,14.0,14.0,1:30.263,1.321,14.0,Great Britain,0.0,0.0,99:99,0.0,0.0,99:99
1,Charles  Leclerc  LEC,Ferrari,71,999999,25,62.0,16:17:19,1:07.583,230.01,3.0,1:04.501,2.0,99:99,2,1:05.419,1:05.287,1:05.013,26.0,0.0,99:99,999.0,0.0,2.0,1:08.660,0.05,43.0,2.0,1:06.557,0.255,32.0,Austria,2.0,23.0,1841.242,7.0,2.0,1:05.013
2,Max  Verstappen  VER,Red Bull Racing RBPT,71,5855.116,19,62.0,16:17:22,1:07.275,231.063,3.0,1:04.785,1.0,99:99,1,1:05.852,1:05.374,1:04.984,19.0,0.0,99:99,999.0,0.0,3.0,1:08.778,0.168,32.0,1.0,1:06.302,999.0,34.0,Austria,1.0,23.0,1590.059,8.0,1.0,1:04.984
3,Lewis  Hamilton  HAM,Mercedes,71,5894.8009999999995,15,63.0,16:19:02,1:09.000,225.286,2.0,45.723,8.0,99:99,9,1:06.079,1:05.475,1:13.151,20.0,0.0,99:99,999.0,0.0,9.0,1:09.350,0.74,14.0,5.0,1:06.909,0.607,31.0,Austria,8.0,23.0,1625.506,1.0,9.0,1:13.151
4,George  Russell  RUS,Mercedes,71,5912.556,12,61.0,16:17:00,1:09.075,225.042,2.0,59.932,4.0,99:99,4,1:06.235,1:05.697,1:05.431,24.0,0.0,99:99,999.0,0.0,7.0,1:09.240,0.63,33.0,3.0,1:06.702,0.4,32.0,Austria,4.0,23.0,1603.488,5.0,4.0,1:05.431
5,Esteban  Ocon  OCO,Alpine Renault,71,5922.0199999999995,10,62.0,16:18:10,1:09.559,223.476,2.0,43.864,6.0,99:99,5,1:06.468,1:05.993,1:05.726,27.0,0.0,99:99,999.0,0.0,5.0,1:08.848,0.238,24.0,12.0,1:07.462,1.16,27.0,Austria,6.0,23.0,1621.091,3.0,5.0,1:05.726
6,Mick  Schumacher  MSC,Haas Ferrari,70,11707.168,8,50.0,16:03:34,1:09.625,223.264,2.0,45.000,9.0,99:99,7,1:06.405,1:06.151,1:06.011,22.0,0.0,99:99,999.0,0.0,15.0,1:09.700,1.09,32.0,9.0,1:07.246,0.944,32.0,Austria,9.0,23.0,1627.222,0.0,7.0,1:06.011
7,Lando  Norris  NOR,McLaren Mercedes,70,11707.168,6,62.0,16:18:21,1:09.304,224.298,2.0,50.008,10.0,99:99,15,1:06.330,1:25.847,99:99,19.0,0.0,99:99,999.0,0.0,10.0,1:09.519,0.909,38.0,20.0,1:09.915,3.613,14.0,Austria,11.0,23.0,1628.639,0.0,15.0,1:25.847
8,Kevin  Magnussen  MAG,Haas Ferrari,70,11707.168,4,61.0,16:17:11,1:09.938,222.265,2.0,44.293,7.0,99:99,6,1:06.366,1:05.894,1:05.879,22.0,0.0,99:99,999.0,0.0,18.0,1:09.960,1.35,34.0,6.0,1:06.965,0.663,32.0,Austria,7.0,23.0,1624.598,2.0,6.0,1:05.879
9,Daniel  Ricciardo  RIC,McLaren Mercedes,70,11707.168,2,61.0,16:17:17,1:09.924,222.309,2.0,43.245,11.0,99:99,16,1:06.613,99:99,99:99,10.0,0.0,99:99,999.0,0.0,17.0,1:09.852,1.242,34.0,17.0,1:07.743,1.441,25.0,Austria,12.0,23.0,1629.797,0.0,16.0,1:06.613
10,Fernando  Alonso  ALO,Alpine Renault,70,11707.168,1,62.0,16:18:42,1:08.558,226.739,3.0,1:07.631,19.0,99:99,8,1:06.016,1:06.082,1:06.103,22.0,0.0,99:99,999.0,0.0,4.0,1:08.832,0.222,21.0,8.0,1:07.100,0.798,32.0,Austria,99.0,0.0,999999.0,0.0,8.0,1:06.103
11,Valtteri  Bottas  BOT,Alfa Romeo Ferrari,70,11707.168,0,61.0,16:17:25,1:09.266,224.421,2.0,46.955,99.0,99:99,12,1:06.442,1:06.319,99:99,14.0,0.0,99:99,999.0,0.0,8.0,1:09.251,0.641,26.0,14.0,1:07.522,1.22,27.0,Austria,10.0,23.0,1627.616,0.0,12.0,1:06.319
12,Alexander  Albon  ALB,Williams Mercedes,70,11707.168,0,60.0,16:16:14,1:09.669,223.123,2.0,44.423,15.0,99:99,11,1:06.516,1:06.230,99:99,15.0,0.0,99:99,999.0,0.0,16.0,1:09.740,1.13,34.0,15.0,1:07.582,1.28,32.0,Austria,16.0,23.0,1642.471,0.0,11.0,1:06.230
13,Lance  Stroll  STR,Aston Martin Aramco Mercedes,70,11707.168,0,64.0,16:21:05,1:10.048,221.916,2.0,43.383,12.0,99:99,17,1:06.847,99:99,99:99,12.0,0.0,99:99,999.0,0.0,11.0,1:09.525,0.915,43.0,11.0,1:07.431,1.129,26.0,Austria,13.0,23.0,1638.3,0.0,17.0,1:06.847
14,Zhou  Guanyu  ZHO,Alfa Romeo Ferrari,70,11707.168,0,50.0,16:04:04,1:09.380,224.053,2.0,51.564,13.0,99:99,18,1:06.901,99:99,99:99,9.0,0.0,99:99,999.0,0.0,14.0,1:09.665,1.055,36.0,18.0,1:07.889,1.587,28.0,Austria,14.0,23.0,1640.812,0.0,18.0,1:06.901
15,Pierre  Gasly  GAS,AlphaTauri RBPT,70,11707.168,0,61.0,16:17:33,1:10.104,221.739,2.0,50.334,14.0,99:99,10,1:06.589,1:06.160,99:99,20.0,0.0,99:99,999.0,0.0,12.0,1:09.579,0.969,37.0,16.0,1:07.592,1.29,33.0,Austria,15.0,23.0,1642.184,0.0,10.0,1:06.160
16,Yuki  Tsunoda  TSU,AlphaTauri RBPT,70,11707.168,0,62.0,16:18:50,1:10.023,221.995,2.0,43.268,16.0,99:99,14,1:06.463,1:06.851,99:99,19.0,0.0,99:99,999.0,0.0,19.0,1:10.005,1.395,39.0,10.0,1:07.296,0.994,33.0,Austria,17.0,23.0,1644.615,0.0,14.0,1:06.851
17,Sebastian  Vettel  VET,Aston Martin Aramco Mercedes,70,11707.168,0,62.0,16:18:51,1:10.001,222.065,2.0,43.695,18.0,99:99,20,1:07.083,99:99,99:99,12.0,0.0,99:99,999.0,0.0,13.0,1:09.602,0.992,44.0,13.0,1:07.476,1.174,29.0,Austria,19.0,21.0,999999.0,0.0,20.0,1:07.083
NC,Carlos  Sainz  SAI,Ferrari,56,999999,0,55.0,16:08:29,1:08.649,226.438,2.0,42.704,3.0,99:99,3,1:05.660,1:05.576,1:05.066,26.0,0.0,99:99,999.0,0.0,1.0,1:08.610,999.0,40.0,7.0,1:07.039,0.737,29.0,Austria,3.0,23.0,1595.703,6.0,3.0,1:05.066
NC,Nicholas  Latifi  LAT,Williams Mercedes,48,999999,0,14.0,15:20:33,1:10.890,219.28,2.0,42.928,17.0,99:99,19,1:07.003,99:99,99:99,9.0,0.0,99:99,999.0,0.0,20.0,1:10.261,1.651,36.0,19.0,1:08.149,1.847,28.0,Austria,18.0,23.0,1658.753,0.0,19.0,1:07.003
NC,Sergio  Perez  PER,Red Bull Racing RBPT,24,999999,0,5.0,15:10:13,1:11.843,216.371,1.0,23.681,5.0,99:99,13,1:06.143,1:06.458,99:99,24.0,0.0,99:99,999.0,0.0,6.0,1:09.179,0.569,36.0,4.0,1:06.839,0.537,27.0,Austria,5.0,23.0,1608.361,4.0,13.0,1:06.458
1,Max  Verstappen  VER,Red Bull Racing RBPT,53,999999,25,30.0,15:55:33,1:37.491,215.724,1.0,35.266,2.0,1:31.176,2,1:31.891,1:31.990,1:31.176,14.0,1.0,1:32.272,999.0,23.0,3.0,1:33.077,0.55,17.0,3.0,1:33.077,0.55,17.0,France,0.0,0.0,99:99,0.0,0.0,99:99
2,Lewis  Hamilton  HAM,Mercedes,53,5864.171,18,30.0,15:55:37,1:37.668,215.333,1.0,37.189,4.0,1:31.765,4,1:33.041,1:32.274,1:31.765,19.0,4.0,1:33.255,0.983,22.0,5.0,1:33.517,0.99,23.0,5.0,1:33.517,0.99,23.0,France,0.0,0.0,99:99,0.0,0.0,99:99
3,George  Russell  RUS,Mercedes,53,5870.079,15,51.0,16:30:42,1:37.548,215.598,1.0,38.277,6.0,1:32.131,6,1:33.109,1:32.633,1:32.131,20.0,6.0,1:33.376,1.104,18.0,4.0,1:33.291,0.764,20.0,4.0,1:33.291,0.764,20.0,France,0.0,0.0,99:99,0.0,0.0,99:99
4,Sergio  Perez  PER,Red Bull Racing RBPT,53,5870.894,12,45.0,16:20:19,1:37.780,215.086,1.0,38.061,3.0,1:31.335,3,1:32.354,1:32.120,1:31.335,20.0,5.0,1:33.293,1.021,25.0,10.0,1:34.060,1.533,16.0,10.0,1:34.060,1.533,16.0,France,0.0,0.0,99:99,0.0,0.0,99:99
5,Carlos  Sainz  SAI,Ferrari,53,5882.456,11,51.0,16:30:58,1:35.781,219.575,2.0,1:23.750,19.0,99:99,9,1:32.297,1:31.081,DNF,10.0,2.0,1:32.626,0.354,14.0,1.0,1:32.527,999.0,22.0,1.0,1:32.527,999.0,22.0,France,0.0,0.0,99:99,0.0,0.0,99:99
6,Fernando  Alonso  ALO,Alpine Renault,53,5896.463,8,53.0,16:34:25,1:38.160,214.254,1.0,36.524,7.0,1:32.552,7,1:32.819,1:32.631,1:32.552,17.0,7.0,1:33.505,1.233,18.0,11.0,1:34.259,1.732,24.0,11.0,1:34.259,1.732,24.0,France,0.0,0.0,99:99,0.0,0.0,99:99
7,Lando  Norris  NOR,McLaren Mercedes,53,5905.61,6,43.0,16:17:27,1:39.037,212.356,1.0,37.539,5.0,1:32.032,5,1:32.672,1:32.777,1:32.032,14.0,9.0,1:33.669,1.397,16.0,6.0,1:33.607,1.08,21.0,6.0,1:33.607,1.08,21.0,France,0.0,0.0,99:99,0.0,0.0,99:99
8,Esteban  Ocon  OCO,Alpine Renault,53,5910.543,4,53.0,16:34:39,1:38.684,213.116,1.0,44.747,10.0,1:33.048,12,1:33.346,1:33.048,99:99,12.0,17.0,1:34.122,1.85,18.0,18.0,1:34.660,2.133,26.0,18.0,1:34.660,2.133,26.0,France,0.0,0.0,99:99,0.0,0.0,99:99
9,Daniel  Ricciardo  RIC,McLaren Mercedes,53,5913.956,2,27.0,15:50:57,1:39.133,212.151,1.0,36.264,9.0,1:32.922,11,1:33.404,1:32.922,99:99,12.0,11.0,1:33.788,1.516,17.0,9.0,1:33.984,1.457,23.0,9.0,1:33.984,1.457,23.0,France,0.0,0.0,99:99,0.0,0.0,99:99
10,Lance  Stroll  STR,Aston Martin Aramco Mercedes,53,5916.133,1,52.0,16:33:04,1:39.185,212.04,1.0,39.844,15.0,1:33.439,17,1:33.439,99:99,99:99,9.0,18.0,1:34.177,1.905,20.0,15.0,1:34.595,2.068,26.0,15.0,1:34.595,2.068,26.0,France,0.0,0.0,99:99,0.0,0.0,99:99
11,Sebastian  Vettel  VET,Aston Martin Aramco Mercedes,53,5918.0779999999995,0,43.0,16:17:38,1:39.044,212.341,1.0,36.671,12.0,1:33.276,14,1:33.285,1:33.276,99:99,15.0,20.0,1:34.536,2.264,11.0,13.0,1:34.420,1.893,27.0,13.0,1:34.420,1.893,27.0,France,0.0,0.0,99:99,0.0,0.0,99:99
12,Pierre  Gasly  GAS,AlphaTauri RBPT,53,5919.032,0,53.0,16:34:48,1:38.786,212.896,1.0,35.969,14.0,1:33.439,16,1:33.439,99:99,99:99,7.0,13.0,1:33.869,1.597,18.0,7.0,1:33.906,1.379,24.0,7.0,1:33.906,1.379,24.0,France,0.0,0.0,99:99,0.0,0.0,99:99
13,Alexander  Albon  ALB,Williams Mercedes,53,5922.148999999999,0,53.0,16:34:51,1:39.199,212.01,1.0,37.380,13.0,1:33.307,15,1:33.423,1:33.307,99:99,11.0,8.0,1:33.558,1.286,19.0,16.0,1:34.653,2.126,23.0,16.0,1:34.653,2.126,23.0,France,0.0,0.0,99:99,0.0,0.0,99:99
14,Valtteri  Bottas  BOT,Alfa Romeo Ferrari,53,5930.25,0,52.0,16:33:20,1:37.963,214.685,2.0,1:14.375,11.0,1:33.052,13,1:33.034,1:33.052,99:99,13.0,14.0,1:33.872,1.6,20.0,12.0,1:34.264,1.737,27.0,12.0,1:34.264,1.737,27.0,France,0.0,0.0,99:99,0.0,0.0,99:99
15,Mick  Schumacher  MSC,Haas Ferrari,53,5933.978,0,48.0,16:26:11,1:39.068,212.29,2.0,1:13.707,17.0,1:33.701,19,1:33.701,99:99,99:99,9.0,19.0,1:34.222,1.95,12.0,19.0,1:35.195,2.668,22.0,19.0,1:35.195,2.668,22.0,France,0.0,0.0,99:99,0.0,0.0,99:99
16,Zhou  Guanyu  ZHO,Alfa Romeo Ferrari,47,40975.088,0,25.0,15:48:37,1:39.368,211.649,2.0,1:27.234,16.0,1:33.674,18,1:33.674,99:99,99:99,8.0,15.0,1:33.911,1.639,19.0,17.0,1:34.654,2.127,26.0,17.0,1:34.654,2.127,26.0,France,0.0,0.0,99:99,0.0,0.0,99:99
NC,Nicholas  Latifi  LAT,Williams Mercedes,40,999999,0,40.0,16:13:35,1:39.650,211.05,2.0,1:14.439,18.0,1:33.794,20,1:33.794,99:99,99:99,6.0,12.0,1:33.841,1.569,16.0,20.0,1:35.412,2.885,27.0,20.0,1:35.412,2.885,27.0,France,0.0,0.0,99:99,0.0,0.0,99:99
NC,Kevin  Magnussen  MAG,Haas Ferrari,37,999999,0,11.0,15:22:45,1:39.265,211.869,2.0,1:13.182,20.0,99:99,10,1:32.756,1:32.649,99:99,9.0,16.0,1:34.031,1.759,23.0,8.0,1:33.928,1.401,24.0,8.0,1:33.928,1.401,24.0,France,0.0,0.0,99:99,0.0,0.0,99:99
NC,Charles  Leclerc  LEC,Ferrari,17,999999,0,4.0,15:10:18,1:38.088,214.411,99.0,99:99:99,1.0,1:30.872,1,1:31.727,1:31.216,1:30.872,17.0,3.0,1:32.909,0.637,20.0,2.0,1:32.628,0.101,22.0,2.0,1:32.628,0.101,22.0,France,0.0,0.0,99:99,0.0,0.0,99:99
NC,Yuki  Tsunoda  TSU,AlphaTauri RBPT,17,999999,0,4.0,15:10:44,1:40.216,209.858,1.0,37.648,8.0,1:32.780,8,1:33.394,1:32.836,1:32.780,20.0,10.0,1:33.751,1.479,19.0,14.0,1:34.540,2.013,24.0,14.0,1:34.540,2.013,24.0,France,0.0,0.0,99:99,0.0,0.0,99:99
1,Max  Verstappen  VER,Red Bull Racing RBPT,70,999999,25,45.0,16:07:26,1:22.126,192.041,2.0,42.579,10.0,1:18.823,10,1:18.509,1:17.703,1:18.823,21.0,4.0,1:43.205,1.725,10.0,4.0,1:18.728,0.283,26.0,4.0,1:18.728,0.283,26.0,Hungary,0.0,0.0,99:99,0.0,0.0,99:99
2,Lewis  Hamilton  HAM,Mercedes,70,5861.418,19,57.0,16:24:16,1:21.386,193.787,2.0,43.794,7.0,1:18.142,7,1:18.374,1:18.035,1:18.142,21.0,11.0,1:44.832,3.352,11.0,11.0,1:19.547,1.102,23.0,11.0,1:19.547,1.102,23.0,Hungary,0.0,0.0,99:99,0.0,0.0,99:99
3,George  Russell  RUS,Mercedes,70,5865.921,15,57.0,16:24:09,1:22.766,190.556,2.0,44.506,1.0,1:17.377,1,1:18.407,1:18.154,1:17.377,23.0,5.0,1:43.434,1.954,13.0,8.0,1:19.355,0.91,28.0,8.0,1:19.355,0.91,28.0,Hungary,0.0,0.0,99:99,0.0,0.0,99:99
4,Carlos  Sainz  SAI,Ferrari,70,5868.163,12,51.0,16:15:54,1:22.000,192.336,2.0,46.276,2.0,1:17.421,2,1:18.434,1:17.946,1:17.421,22.0,7.0,1:43.589,2.109,15.0,3.0,1:18.676,0.231,29.0,3.0,1:18.676,0.231,29.0,Hungary,0.0,0.0,99:99,0.0,0.0,99:99
5,Sergio  Perez  PER,Red Bull Racing RBPT,70,5869.272,10,44.0,16:06:30,1:21.940,192.477,2.0,42.285,11.0,1:18.516,11,1:19.118,1:18.516,99:99,16.0,20.0,1:48.240,6.76,11.0,9.0,1:19.397,0.952,28.0,9.0,1:19.397,0.952,28.0,Hungary,0.0,0.0,99:99,0.0,0.0,99:99
6,Charles  Leclerc  LEC,Ferrari,70,5869.630999999999,8,57.0,16:24:32,1:21.622,193.227,3.0,1:05.291,3.0,1:17.567,3,1:18.806,1:17.768,1:17.567,22.0,2.0,1:42.141,0.661,14.0,1.0,1:18.445,999.0,27.0,1.0,1:18.445,999.0,27.0,Hungary,0.0,0.0,99:99,0.0,0.0,99:99
7,Lando  Norris  NOR,McLaren Mercedes,70,5931.884,6,47.0,16:11:00,1:23.043,189.92,2.0,45.422,4.0,1:17.769,4,1:18.653,1:18.121,1:17.769,19.0,8.0,1:43.743,2.263,13.0,2.0,1:18.662,0.217,29.0,2.0,1:18.662,0.217,29.0,Hungary,0.0,0.0,99:99,0.0,0.0,99:99
8,Fernando  Alonso  ALO,Alpine Renault,69,11707.168,4,47.0,16:11:06,1:23.979,187.804,1.0,22.083,6.0,1:18.078,6,1:18.716,1:17.904,1:18.078,17.0,6.0,1:43.570,2.09,16.0,6.0,1:19.049,0.604,30.0,6.0,1:19.049,0.604,30.0,Hungary,0.0,0.0,99:99,0.0,0.0,99:99
9,Esteban  Ocon  OCO,Alpine Renault,69,11707.168,2,60.0,16:29:29,1:24.149,187.424,1.0,23.581,5.0,1:18.018,5,1:18.866,1:18.216,1:18.018,20.0,13.0,1:45.570,4.09,17.0,13.0,1:19.614,1.169,27.0,13.0,1:19.614,1.169,27.0,Hungary,0.0,0.0,99:99,0.0,0.0,99:99
10,Sebastian  Vettel  VET,Aston Martin Aramco Mercedes,69,11707.168,1,51.0,16:17:09,1:22.824,190.423,2.0,46.432,18.0,1:19.273,18,1:19.273,99:99,99:99,10.0,9.0,1:44.178,2.698,14.0,7.0,1:19.253,0.808,31.0,7.0,1:19.253,0.808,31.0,Hungary,0.0,0.0,99:99,0.0,0.0,99:99
11,Lance  Stroll  STR,Aston Martin Aramco Mercedes,69,11707.168,0,51.0,16:17:04,1:22.437,191.317,2.0,43.394,14.0,1:19.137,14,1:19.205,1:19.137,99:99,16.0,15.0,1:45.638,4.158,17.0,14.0,1:19.702,1.257,30.0,14.0,1:19.702,1.257,30.0,Hungary,0.0,0.0,99:99,0.0,0.0,99:99
12,Pierre  Gasly  GAS,AlphaTauri RBPT,69,11707.168,0,58.0,16:27:03,1:23.199,189.564,2.0,43.164,20.0,1:19.527,19,1:19.527,99:99,99:99,9.0,19.0,1:46.091,4.611,18.0,15.0,1:19.730,1.285,28.0,15.0,1:19.730,1.285,28.0,Hungary,0.0,0.0,99:99,0.0,0.0,99:99
13,Zhou  Guanyu  ZHO,Alfa Romeo Ferrari,69,11707.168,0,58.0,16:27:27,1:22.029,192.268,2.0,50.539,12.0,1:18.573,12,1:18.973,1:18.573,99:99,16.0,16.0,1:45.691,4.211,17.0,12.0,1:19.605,1.16,26.0,12.0,1:19.605,1.16,26.0,Hungary,0.0,0.0,99:99,0.0,0.0,99:99
14,Mick  Schumacher  MSC,Haas Ferrari,69,11707.168,0,50.0,16:15:58,1:23.151,189.674,2.0,45.519,15.0,1:19.202,15,1:19.164,1:19.202,99:99,16.0,12.0,1:45.156,3.676,18.0,17.0,1:19.985,1.54,28.0,17.0,1:19.985,1.54,28.0,Hungary,0.0,0.0,99:99,0.0,0.0,99:99
15,Daniel  Ricciardo  RIC,McLaren Mercedes,69,11707.168,0,63.0,16:34:10,1:23.654,188.533,2.0,43.079,9.0,1:18.379,9,1:18.775,1:18.198,1:18.379,19.0,14.0,1:45.624,4.144,11.0,5.0,1:18.872,0.427,27.0,5.0,1:18.872,0.427,27.0,Hungary,0.0,0.0,99:99,0.0,0.0,99:99
16,Kevin  Magnussen  MAG,Haas Ferrari,69,11707.168,0,37.0,15:57:44,1:23.511,188.856,3.0,1:15.998,13.0,1:18.825,13,1:18.993,1:18.825,99:99,18.0,10.0,1:44.655,3.175,20.0,16.0,1:19.818,1.373,29.0,16.0,1:19.818,1.373,29.0,Hungary,0.0,0.0,99:99,0.0,0.0,99:99
17,Alexander  Albon  ALB,Williams Mercedes,69,11707.168,0,43.0,16:06:22,1:23.047,189.911,3.0,1:17.338,17.0,1:19.256,17,1:19.256,99:99,99:99,10.0,3.0,1:42.381,0.901,19.0,20.0,1:20.615,2.17,20.0,20.0,1:20.615,2.17,20.0,Hungary,0.0,0.0,99:99,0.0,0.0,99:99
18,Nicholas  Latifi  LAT,Williams Mercedes,69,11707.168,0,60.0,16:30:47,1:22.478,191.221,3.0,1:13.094,19.0,1:19.570,20,1:19.570,99:99,99:99,10.0,1.0,1:41.480,999.0,17.0,18.0,1:20.488,2.043,30.0,18.0,1:20.488,2.043,30.0,Hungary,0.0,0.0,99:99,0.0,0.0,99:99
19,Yuki  Tsunoda  TSU,AlphaTauri RBPT,68,17560.752,0,58.0,16:28:17,1:23.538,188.795,3.0,1:05.721,16.0,1:19.240,16,1:19.240,99:99,99:99,9.0,17.0,1:45.850,4.37,17.0,19.0,1:20.521,2.076,31.0,19.0,1:20.521,2.076,31.0,Hungary,0.0,0.0,99:99,0.0,0.0,99:99
20,Valtteri  Bottas  BOT,Alfa Romeo Ferrari,65,999999,0,60.0,16:29:36,1:24.002,187.752,1.0,22.272,8.0,1:18.157,8,1:18.935,1:18.445,1:18.157,20.0,18.0,1:45.930,4.45,20.0,10.0,1:19.411,0.966,30.0,10.0,1:19.411,0.966,30.0,Hungary,0.0,0.0,99:99,0.0,0.0,99:99
